leading.protein,wAP0022_d0_4A,wAP0035_d0_80A,wAP0036_d4_76A,wAP0026_d8_71A,wAP0028_d4_52A,wAP0024_d4_49A,wAP0033_d0_75A,wAP0025_d8_9A,wAP0021_d0_1A,wAP0030_d8_53A,wAP0023_d4_8A,wAP0032_d8_74A,wAP0026_d0_10A,wAP0033_d8_20A,wAP0047_d4_47A,wAP0041_d0_41A,wAP0022_d4_2A,wAP0029_d8_50A,wAP0046_d0_46A,wAP0045_d4_88A,wAP0050_d0_93A,wAP0030_d0_51A,wAP0037_d4_31A,wAP0043_d8_40A,wAP0042_d0_87A,wAP0042_d4_42A,wAP0048_d4_67A,wAP0038_d8_58A,wAP0046_d4_62A,wAP0054_d8_70A,wAP0040_d8_59A,wAP0049_d0_68A,wAP0043_d4_60A,wAP0049_d8_61A,wAP0050_d4_69A,wAP0047_d0_66A,wAP0041_d4_64A,wAP0031_d4_55A,wAP0035_d4_57A,wAP0021_d8_54A,wAP0037_d0_63A,wAP0034_d0_56A,wAP0045_d8_65A,wAP0051_d0_98A,wAP0051_d8_106A,wAP0052_d4_103A,wAP0052_d8_96A,wAP0054_d0_100A,wAP0055_d8_101A,wAP0057_d0_102A,wAP0058_d0_109A,wAP0058_d8_108A,wAP0026_d4_97A,wAP0059_d4_107A
A6NKN8,-0.720058328,-0.748900329,-1.179042787,-0.136089555,-0.412149242,-0.528614574,-1.240950692,-0.614183326,-1.662425271,-1.551925527,-0.975694807,-0.213319494,,-0.879019324,-0.946308661,-1.457829134,0.590330197,0.15645047,-0.269339025,-1.095653119,-0.15961538,-2.772980973,,-0.267080446,-1.468847561,-1.060361421,0.404673533,0.784928014,0.382241092,1.103444359,1.120991688,0.327907995,0.646912178,1.523834775,1.209246653,0.335333674,-0.270806761,0,0.124076479,-0.198554039,-0.155340461,-0.15018827,0.189920901,1.093533485,0.97101555,0.981543534,1.050110643,0.01866515,0.23334519,-0.809493903,-0.852336547,0.775699325,0.26562412,0.136872002
A6NNZ2,-0.324490469,-1.64737139,-0.401629668,1.049856611,-1.495136154,-1.657176985,-1.133219118,,-1.70780767,-0.539591499,-2.165947564,-1.487527038,-1.129407316,,-0.242035543,-1.79278333,0.927766422,-1.579243999,-0.522655503,0.021191047,-2.122582428,-1.588540119,0.135776292,-2.069950744,-1.308880343,,-0.554996768,0.975059512,-0.546645007,-0.499364981,0.513844274,0.85277455,0.441633814,-0.628601526,-1.265011026,-0.184148838,-0.181330139,0.645558588,0.324843589,0.43893797,0.362397574,1.001655125,-2.23527274,0.414017751,-0.35587371,1.459908185,-0.08141869,0.735700403,0.527181511,1.911549372,0.760034365,-0.094948814,1.91528418,0.884766584
C9JE40,0.780437348,0.250992764,0.545103883,-1.149165675,0.594116666,0.491959976,-0.130222941,0.503519132,0.467744416,0.161815181,1.058158096,-0.1353532,0.517332322,0.342535319,0.279919336,-0.073614709,0.187969624,0.866394124,-0.187845032,0.769443213,-0.229484605,-0.138801753,0.017491944,0.484714092,0.214455496,0.48167368,0.027785123,0.156967948,0.015853851,-0.742400749,0,0.162122075,-0.091049964,-0.523882305,-0.197177689,-0.199102878,0.052162501,-0.137212847,0.337902917,-0.222529839,-0.495466627,0.50395641,-0.984216193,-0.292074796,-0.376912216,-0.064798699,0.12109128,-0.018940196,-0.752900865,-1.060853675,-0.836653667,-1.133324842,0.133528776,-0.452661429
O00560,-0.923311976,-0.983687947,-0.572272093,-1.121095151,-0.724644101,-0.509953791,-1.050951899,-1.609970096,-3.66941167,1.523640223,-0.147944089,0.248288638,-0.660909372,0.82905552,-2.234975674,0.810143914,-1.982946138,1.23612966,-0.696658643,-2.064345574,0.146413597,-0.196366078,-0.212342101,0.899678062,0.22039757,-0.64737256,0.875290234,0.594026937,0.132451658,-0.385311581,0.391759687,0.025816421,0.326484953,0.346551574,0.056246801,-0.303262242,0.913099671,0.334198258,0.231750671,-0.616719652,0.557496493,0.067299701,1.016751801,0.391640831,0.455244869,-0.863339503,-0.351803822,0.318380524,0.200840082,-0.848657216,1.115189878,-0.594718277,1.312797978,-1.066790409
O14737,-0.482438173,-0.391187306,0.037689603,0.460162144,0.297706202,-0.303965823,-0.600888195,-1.506792878,0.052711614,-0.278065397,-0.418086921,-0.712094892,-0.434283728,-0.594805685,-0.297809134,-0.026161602,0.039406651,-0.512169698,-0.030781127,-0.343994974,0.212623229,-0.160105278,-4.694278598,-0.718253332,0.147053665,-0.105653811,0.234846243,0.49146525,-0.11739699,0.071517695,0.255759195,0.509981796,0.518237054,0.293944851,0.44499951,0.500483298,0.13709877,0.615692719,0.110950609,0.471111154,0.301930563,-0.445834015,0.237961542,0.734265137,0.582576795,0.354200747,0.101134666,-0.183128003,0.037255849,0.263105026,-0.02433195,0.258184749,0.35456496,0.479799613
O14965,-0.733807805,-1.287063666,-1.263190638,0.619237405,-1.337171104,-1.943397214,-1.145382512,-1.366496746,-1.117561774,-1.186175679,-1.610372678,-0.029814548,-1.11455442,-1.977028672,-0.94766772,-0.95561329,-1.640251964,-1.153114264,-1.127550861,-0.421576958,0.842637883,-0.935736958,-1.068448883,-1.256548819,-0.63832657,-0.753907931,0.353329233,0.230765693,0.48618768,0.261578348,0.157472115,0.280249303,-0.028379476,0.244002027,0.416710043,0.237764149,0.193351888,0.66139021,0.424271722,-0.353216209,-0.137990317,0.445252784,0.593804633,0.138227658,0.28055632,0.529341891,-0.02515163,-0.226243147,0.217724538,0.409481379,0.150886449,-0.014028389,0.561115654,0.068729492
O60566,-0.400300964,-1.587188254,-1.194012605,-0.460399065,-0.977996746,-0.545159704,-1.919584019,-1.112923907,-0.49431501,-1.001073885,-1.137694251,-0.024743337,-0.207638974,-1.415046851,-0.891778305,-1.055028123,0.075029157,-0.574126885,0.095404126,-0.671462619,-0.302249831,-1.080682502,0.085115743,-1.094029637,-0.75995403,-1.151670853,0.24246295,0.56914557,-0.305262962,-0.728992469,0.195251495,-0.182768408,0.064712362,0.734660752,-0.33666908,-0.394774303,0.337986119,0.939663361,0.262659892,0.447217554,0.175293797,-0.436896899,0.895806137,0.01431565,0.444844334,0.012091384,0.348638148,0.086332945,0.13748984,0.012822051,0.106006941,0.774273348,0.33606019,0.270036267
O60825-2,-1.135169924,0.023796913,-0.713859904,-0.55542143,-1.445073506,-0.875955726,-0.640190739,-0.140646222,,-1.260534074,0.082606838,-0.108916496,-0.983935057,,0,0.930855997,-2.024712454,0.222281272,0.749156514,-0.083205162,-0.819127791,-1.088384485,,,0.413376891,-1.141705363,-0.248170827,0.634488928,0.801171664,-0.164251429,0.719917872,1.644825085,0.570204753,,0.652008265,-0.142548448,1.216762709,0.960613348,1.146753317,1.131546358,0.223307599,0.434551221,,0.171536114,-0.309761292,0.610502592,-0.05878611,,-1.77001905,-0.226834621,-0.12578232,,-0.7471333,-0.165907807
O60884,0.559071116,0.291907956,-0.487022163,-1.359682786,0.444477959,0.405849692,0.299365859,-0.22091032,1.071963877,-0.444291598,0.213257585,-0.472057733,0.099331101,0.729720595,-0.041996128,0.386021386,-0.90089495,0.127774545,0.239187461,0.307921133,0.479430657,-0.314673366,0.900011507,0.351632209,-0.277449218,0.300883361,-0.941979421,-0.199903516,0.058055706,-0.603436819,-0.76191935,-0.012782328,-0.452134312,-0.608932154,0.412197082,0.113047959,0.392708281,-0.042724893,0.333171455,0.086843713,0,0.02475577,-0.985754482,-1.032445877,-1.357349204,0.096583925,-0.866559387,-0.411766559,-0.521572842,0.042955211,0.052150076,-0.286456122,-0.076211255,-0.567523192
O75347,0.38055887,-0.205414508,-0.032284168,0.350868595,-0.735164404,-0.8378834,-0.132680078,-1.389076772,-0.444271152,-0.219195444,-0.270827662,0.018626921,0.053326582,-0.444528032,0.38728044,-0.407926419,-0.433162963,-0.303869719,-0.37140864,-0.239677574,-0.96661321,-0.465556378,0.232062256,-1.008282892,-0.079064265,0.027155605,0.199981853,-0.049759966,-0.062788605,0.038519759,0.017893387,0.089054774,0.470725216,0.818524348,0.517111581,0.728561528,0.303236098,0.751864404,-0.342873074,0.576529234,0.87284726,-0.755950491,0.967114329,-0.069234297,1.04142883,0.057126175,0.539052233,0.378678685,0.002691785,0.324011874,-1.197961478,-0.055900705,-0.082163663,0.735755587
O75600,0.728259118,-0.709574495,1.007651692,-0.942349322,-1.701363496,0.531146767,1.107194223,1.13826689,0.939757593,0.419508794,-1.313551712,1.413618492,-1.274974947,0.379858365,-0.34638523,1.184839574,0.330689063,2.125704635,-0.71952967,-0.402783927,0.404876951,-1.15642746,0.19964429,1.747752524,-0.805157477,-0.467410429,-2.152996197,-1.096497959,-0.083908314,-4.35207471,0.624687166,-0.511758472,-0.476802041,-1.751648261,-0.243146653,,-0.364016019,-0.783276198,-2.678951869,1.148423709,-1.133153979,0.796137335,0.761215487,-1.246114241,-1.377853643,-1.412906133,-0.489399704,-1.921643536,-1.393274022,-0.83048797,-1.147020792,-1.23011197,-0.281011949,
O94760,1.348905167,0.64416475,1.214829993,0.496835535,0.163602653,1.036603817,1.28879633,1.365924271,0.703959762,0.359602222,1.147898412,0.625919041,0.735203546,1.112528205,-1.884437252,-0.03391113,0.706718139,0.647191426,-0.066869339,1.107368479,-0.21765637,0.012519485,3.282425273,0.276515613,-0.231665619,-1.89334232,-0.102356789,-0.971467702,-0.210706386,-0.696359218,-0.188042616,-0.630947563,0.145477841,0.015669149,0.332157614,-0.810483174,-0.991618007,0.827935683,0.394013861,0.7014612,-0.436219081,-0.374364422,1.381152697,-0.970965274,-0.361016195,-0.950295649,0.439297258,-0.205273831,-0.54443311,-0.440712482,0.803214543,-0.256595699,-0.035236956,-1.506277185
O94988,0.165291345,-3.010747511,-2.183121192,-0.406426252,-1.506424159,-2.105333919,,-2.106203508,,-1.37734296,-2.456217676,-0.904605863,,-0.981281437,-1.400736557,-2.004743881,,-0.767636509,,-2.156279595,,-1.1504757,,-1.611856244,-0.700611991,-1.451770063,0.024697489,0.333379985,-0.482511129,-0.074217717,0.447103418,0.333333341,0.982101734,-0.617285219,-0.532734754,0.476072093,0.662776534,0.178557839,0.480593939,0.295283524,-0.920333551,0.251291545,-0.826031801,-1.581519443,-0.609703945,0.217901781,0.896059274,0.361579562,-0.230510807,0.160094965,0.210051909,-0.289862364,0.309497982,-0.508187415
O95433,-0.195625654,-0.492447266,-0.511327977,0.12678651,0.03820183,-0.232994575,-0.761656588,-0.332450268,-0.125502519,-0.603957081,-0.713655457,0.015762332,-0.190372989,-0.668355358,0.284859146,-0.35178879,-0.633425356,-0.70197986,-0.279512498,-0.917524307,-0.508652358,-0.470025789,,-0.197668208,0.000791757,-0.468396245,0.338139109,0.490344946,0.27483619,0.922231742,0.581424595,0.488542848,-0.500248268,0.231129545,0.781604065,-0.32468062,0.542090607,0.413695723,0.253253166,-0.649191211,0.310603671,0.401166775,0.065784767,-0.720406006,-0.184712111,-0.087036801,0.277660997,0.25824217,0.637480382,-0.086338707,-0.000138571,-0.539947452,0.23448583,-0.032662363
P00338,-0.641567132,0.622333231,-0.482383034,0.256466827,0.280699307,0.4687731,2.703896591,0.25722772,1.419595138,1.015519462,0.840431084,1.164166128,1.920011726,2.118256369,2.249207157,-0.717399861,,0.468106808,2.643834308,1.574266387,-0.322543789,1.033189319,0.38493641,0.205194315,3.051460672,,,-1.506898748,0.386698506,,-1.134873499,-1.540902708,-1.292504665,,-1.428101101,,-0.076725932,-0.040963729,-2.350006115,,0.833667407,,1.234916946,1.103432983,-0.969375911,-0.835254496,-1.971497976,,-0.564877881,0.02594828,-0.443562237,-0.840928643,-0.42571071,0
P07339,0.802025829,-0.096804005,0.972890504,-0.411300428,1.152743014,0.528521572,1.544116108,1.613290935,0.165044584,1.112013862,1.046597261,-0.171889536,0.573890234,0.588887504,0.886756896,0.588416332,0.307530775,0.664557265,-0.923707132,0.685356201,0.635721823,0.740080427,0.021696541,0.049649709,1.136135196,-0.090730817,-0.719806901,-0.939542221,-1.00999611,-1.628533525,0.185858334,0.410918304,-0.848124695,1.053051264,-1.858754919,-0.556018478,-0.39620326,-0.252903575,0,-1.26973666,-1.0779676,-0.293813179,-1.128066481,0.070825903,-2.111759578,-0.763856862,-0.321805116,0.168831886,-0.680873354,0.315089153,0.205199845,-0.382986887,-0.079534488,-0.793239799
P07437,-0.593485167,0.411985791,0.637931984,0.444643875,-0.996134091,-0.02085091,2.769630244,0.404363597,0.953825876,1.039783421,1.416448767,1.885024643,-0.873268203,1.907059232,1.874739149,0.62971873,-2.545387886,-0.552228455,1.557160482,1.509070131,0.01682606,-0.475990892,0.321954596,0.673943769,2.319748212,-0.598372033,-1.394924893,-1.063432104,-0.616976812,-2.04025694,-1.002552245,-0.625979377,-0.618651108,-0.473043403,0.297922715,0.641584183,-0.011813399,-0.103370845,0.372163521,-0.493549691,0.566829541,-0.006605843,,0.018065751,-0.896448462,0.538590327,-0.486977019,-1.03432724,0.484777305,0.861948849,0.363586661,-0.880416874,0.006575734,0.152007758
P07858,1.217271019,0.342113736,0.676761787,1.017117351,1.482651609,1.358533748,0.506891402,0.63046582,0.02369949,0.576316101,0.908915859,0.316898158,1.512838339,0.288193219,-0.76790258,0.427655297,1.246674558,-0.579776477,-0.668481824,-0.155910811,-0.471032914,1.133413292,0.96706373,-0.504585681,-0.426606026,0.597155888,0.218733687,-0.572817026,-0.742512249,-0.720628238,-0.002595993,-0.687671852,-2.192753998,-2.19286158,-2.061271372,-4.318382858,-1.393226455,-0.328252886,0.275143117,-1.677104048,0.015894321,-0.52083429,-0.392899174,-0.616592027,-0.648022274,-0.775906616,-0.11566275,-0.94967881,-0.082980472,-1.196035242,-0.729635594,-0.255943918,1.011453458,-1.102534257
P08708,0.642988507,0.050301841,-0.371223154,,0.930272039,1.095809647,0.276488823,0.112759593,1.311621774,0.203390757,0.373123165,0.16607439,0.77309235,-0.238003683,-0.543987631,0.644757659,,,0.151232544,-0.227679103,0.311142673,0.281907332,,-1.331575757,0.467401168,0.167668921,-0.419518331,-0.023947434,-1.503206201,-0.953856869,0.791369067,-0.718454437,,,-0.083117047,-0.908144636,-1.555991182,-0.131761315,-0.493049939,0.62057421,-0.508247671,0.10356096,,0.761857161,0.62511664,-1.282042902,-1.180470379,-0.513412403,,0.02355641,0.281016685,-1.440635401,-0.04418124,0.110180481
P08865,0.719672907,-0.133751715,-0.599796284,-1.210164255,0.180660816,0.12595283,1.235984141,-0.088629024,0.824090671,0.455700927,0.445034073,-0.108554323,0.335695256,0.642744842,0.860017218,0.142541154,0.178939379,0.174308147,0.083191063,0.714781433,0.303937553,0.27050633,-0.367110178,0.305285097,0.857272812,0.262866104,-0.262912562,0.048573778,0.002216709,0.296543244,-0.066858021,0.028509944,-0.514053132,-0.83923267,0.130401988,-0.364739317,-0.398683043,-0.308531755,-0.149029251,0.139774746,-0.101479584,0.464997232,,-0.540302306,-1.635204719,-0.253050622,-0.068338348,0.106344862,-0.442848618,-0.212343525,-0.256095933,-1.099511649,-0.017398189,-0.633774814
P0C1S8,,-1.56056147,-1.97573132,-0.148880769,-0.98067139,0,-0.891621563,-1.969034142,-2.118387715,-3.137819675,-1.468879342,-1.737622445,-1.708813394,-0.672696896,-1.152145021,-1.042735597,,-0.496592462,-1.291012156,-1.688284373,-0.385580717,-2.023924828,1.101778538,1.136136654,-1.308457843,-0.372548279,0.549988269,0.446373744,0.690500814,0.03262632,0.314030331,0.769617272,0.49070402,0.61635819,0.008083511,-0.036234848,0.143297123,0.633523959,-0.001941828,-0.629866921,0.118146059,0.523438986,0.003477094,0.160258287,-0.570406343,0.295670756,0.229077955,-0.412673731,-0.48830032,0.053817329,0.300369766,0.058567923,0.71704331,0.464343252
P10909,-2.10360577,0.313805305,0.326779052,-0.060756277,-0.910266564,-0.696603363,-0.716519567,-1.269465852,-2.805519271,0.806540487,-0.988811505,-0.610271285,-1.954946616,0.729292466,-0.341353209,0.95291357,-2.043888042,-0.618210807,-0.045852358,-0.307947592,-0.084046018,-0.354639133,-0.708721162,-0.093979564,0.440257126,0.16164572,-0.476938555,-0.222463703,0.006871938,-0.358017605,0.658672516,0.262929125,0.419468351,0.427737559,0.143861302,0.021109095,0.598847178,1.415865684,0.115681775,0.418793007,0.695113409,0.673504189,0.251812582,0.728314551,0.865243335,-0.239010338,0.732453061,0.284162025,-0.100080791,0.059114853,0.108695253,0.300227908,0.650604703,1.81718879
P12004,-0.928753559,-1.426623439,-1.265612182,0.740001991,-1.750601825,-1.682835095,-1.125506303,-2.35486094,-1.825838776,-1.73485588,-1.73810514,-1.75987037,-1.028359988,-1.884179225,-1.120977317,-1.697813393,-1.157981993,-1.824865893,-0.397530189,-1.630668653,-1.448894638,-1.533686342,,-1.616331138,-1.337756609,-1.437905842,0.587254448,0.385419426,0.400130848,0.305570716,0.714055746,0.573471793,0.759781534,0.423460891,0.331162304,0.303709425,0.627233466,0.514356761,0.230268269,-0.029115587,0.764951218,1.182146788,-0.046641742,0.310352758,0.262840953,-0.020124087,-0.170034465,0.364780426,-0.068955436,0.128524143,0.597046141,0.182789769,0.641873755,0.498633388
P19823,-0.901432033,1.319440109,-0.751895445,-0.65702952,-1.650546061,-0.99717896,-0.478950223,,-1.228018163,-0.018461954,-1.50784854,-1.136566512,-0.48621113,1.08451683,-1.156368018,-0.585124079,-1.287772487,-0.841462077,2.069591165,0.340250855,-0.03068255,0.990430121,-2.342477004,0.884875507,1.468051848,0.733854969,0.639758319,0.940176349,0.196501961,-0.598679295,1.300354472,1.484774031,0.559021227,0.176475576,0.531769856,0.367944026,0.161241832,-0.009136026,-0.337200078,2.07872988,1.881947858,0.072511375,1.218314821,1.041434691,1.978820663,1.834074467,-0.33329983,1.171750277,0.009078535,1.864161277,0.394858293,1.550914636,1.698690636,2.110409849
P19827,-0.399011973,0.7445334,-0.504527481,-1.603026296,-1.71620309,-1.656738273,-0.00162387,-0.499063931,-1.558172408,-0.035357404,-0.265085301,-0.822457014,-0.794644758,1.591015826,-1.883611267,-0.17190613,-1.27117401,-0.236464761,2.229641566,-0.29558613,-0.176139552,1.183463627,-2.059231144,0.64801085,0.585711157,0.700817748,0.464416212,0.677440236,-0.467554355,-0.636630829,1.164965384,0.752267036,1.072602802,-1.702007092,1.215286868,1.020686215,0.178412945,-0.102514812,0.061734169,2.024921779,1.495972219,0.073617266,0.649842737,0.279516392,1.445593937,1.173775087,-0.878492143,0.575405207,-0.01129734,1.294852417,0.385833792,1.231495958,1.370633622,1.77027018
P21333,0.28518898,0.393203625,0.342663987,-0.418501646,0.17941467,-0.494247256,0.504544839,0.694765687,-0.020991541,0.280118804,0.494064652,0.387923891,-0.190444132,0.439938028,0.891902499,0.310049987,-0.099049431,-0.172346969,0.551068981,0.52858257,0.451157939,-0.454316194,-0.027626308,0.369530184,0.949165047,0.384182486,0.21955753,-0.5842524,-0.479300973,-0.214351489,-0.13803414,-0.945077827,0.057723776,-0.296956646,-0.48970095,0.047461946,-0.342774135,-0.650645547,-0.304622427,-0.378439025,-0.601832735,-1.033340856,-1.094154833,-0.527971449,-0.392793437,-0.859550236,-0.326535747,-0.302117167,0.390682808,-0.529430695,0.045056674,-0.24414474,-0.747381914,0.1886894
P22234,-1.80926953,0.713112027,0.138654716,1.879783001,-0.479201851,0.507628013,0.014414182,1.371980617,0.00240907,-0.734625463,0.718830599,1.592131895,-0.123753503,0.557303811,0.899146257,0.603252173,-1.187870999,1.1256311,0.506219705,0.506799102,-0.942655066,0.694385274,0.579940983,0.590074037,-0.029658632,0.163022689,-1.049132187,-0.076020423,0.44066351,-0.534599568,0.712902805,-0.558298173,0.003004118,-2.283531323,-0.053835469,0.219276172,0.230409187,-0.319242095,0.066909632,-0.429157763,-0.131826165,1.26783207,1.381167497,-0.533968484,-1.424238627,0.133347876,-1.356196902,-1.107437963,0.381014522,-1.340382935,-1.295592573,-1.761595014,-1.090982945,-1.544476593
P26358-2,-0.41687994,-0.977900767,-1.015422253,-0.719265691,-1.419650216,-2.472769194,-0.664328945,-0.531112709,-2.354237051,-2.900525035,-7.661453165,-2.852862995,,-1.280528185,-2.147634143,-1.100351648,-0.331483436,1.023865481,0.404495605,-1.669582164,-0.183728194,-4.034949466,-1.470141945,-0.092800477,-1.28322638,-1.223740639,0.637158454,0.726342206,-0.009612875,0.554060463,0.50002152,0.526964387,0.427952859,0.455332619,-0.308806411,-0.006441056,0.316727147,0.434330276,0.315038832,-0.060414803,0.548411023,0.431628227,0.233304442,0.335468449,-0.176541641,0.288470465,0.701547986,0.318696486,0.00522142,0.169384716,0.28737723,-0.218207102,0.513535542,-0.098192502
P27105,-1.798629297,0.071705908,-1.179786552,0.224511108,-0.98544296,-1.199579398,-0.880863955,-1.057860209,-0.917912774,0.499521891,-0.228608473,1.010521323,0.041411372,0.675743638,-0.395281479,0.489135263,-1.493675718,0.468696523,1.055010814,-0.09539184,-0.107368051,-1.019916672,0.313414009,-0.132371367,0.479279845,-0.327219027,-0.450193188,0.841936977,-0.288238276,0.10292004,1.477540865,1.409870704,-0.103915221,1.375116179,1.204069843,0.62821309,1.43162616,1.550784484,-0.408439606,1.291446494,2.063286565,-0.342549736,-0.7994581,0.539962147,-0.037030823,0.44945194,0.409435009,0.081587233,0.486525443,1.163573506,0.78969718,0,0.690597772,1.728586987
P28066,-0.841154594,0.13758304,-0.054637859,0.177654932,-0.028912773,-0.453218437,0.392701654,-0.871241253,-1.066375673,-1.850732718,-0.480878828,-0.291585744,-0.019932139,-1.361840775,-0.002831756,-1.066613996,-0.303047451,0.057223444,0.367654939,-0.430913638,-0.168175016,-0.316191886,2.279784031,-0.542139618,-0.18866358,-0.388555724,-0.472658006,0.304593781,0.291211932,0.472741863,-0.353463395,0.912095021,0.427136927,0.009505428,-0.517405819,0.573549297,0.161671007,0.213257697,0.002826209,0.487614849,0.25508464,0.210996102,0.052950501,0.042281778,-0.003192325,-0.609576756,0.401261991,-0.216576776,0.329149114,0.224763652,0.654655598,0.249448125,0.101767622,-0.091917165
P42025,0.630322418,0.465492011,-0.169348163,-0.083861075,0.055254,0.384512812,0.533502566,-0.088780285,-0.046108837,0.673631802,0.995178272,0.277028583,0.742751465,0.947804475,-0.367934018,0.182628525,1.65468517,0.490167254,-0.339923379,-1.561625022,-0.202968077,0.598086442,-2.280856649,-0.004375546,-0.432400595,-0.070091503,-0.131337203,-0.146683716,-0.201624549,0.004362316,-0.146489792,-0.431057578,-0.557452129,-1.767463304,-0.176477372,-0.292624896,0.689221056,-1.060204555,0.18217338,-0.679041538,0.296439405,0.452586589,-1.536385483,-0.111654983,-0.189039749,-0.167336012,0.128613094,0.11511145,-0.077563667,-0.036875714,0.13309084,0.526591197,0.135350559,0.363576884
P43121,0.471313416,0.543317215,1.527867072,-0.771266584,0.877399084,0.642687033,0.121852295,1.721195032,0.299288197,0.698915041,0.909984517,-0.867289404,0.511821964,0.549042101,1.121659776,0.98566066,0.426455316,1.230929876,0.611768526,1.147580465,0.13700651,0.818324734,0.150308142,0.712439047,1.181558516,0.725758847,-1.228285679,-0.882287341,-0.729720218,-1.056778165,-0.858989339,-1.267373982,,-0.535199803,-1.183631736,0.11588035,0.176683635,0.713550704,-1.219036476,-0.896222289,-0.877201588,0.30114946,,-0.607215346,-0.617673324,-1.246233137,-0.037521454,0.076828519,0.046181375,-0.675559412,0.019724525,-0.692363625,-0.082938766,-0.210403956
P46781,-0.758748306,0.311973586,0.628675271,-0.572354796,0.369147743,1.109402244,0.92634841,0.279661388,0.976714793,0.675998958,1.095049547,0.617849006,0.460230786,1.255479565,0.715054044,-0.701425162,-0.671509309,0.088887121,-0.512119686,0.881601292,0.41609277,0.978177915,0.427614707,-0.122298332,0.381433411,-0.080853848,-0.396352439,-0.457220084,-0.209365507,-0.087451746,-0.197402959,-0.5614283,-1.128891387,-0.065384488,0.148984508,-0.989570337,-0.47704366,0.28589242,-0.017362947,0.310808888,-0.041384597,-0.419205246,-0.666347163,-1.57848169,-2.274739787,-0.149448359,0.466636379,-0.950173233,-0.507671421,-0.523387866,-0.090668002,-1.057941712,0.19165804,-1.088689875
P49327,0.591465623,0.560450941,0.57871837,-0.049560384,-0.339706431,-0.334280727,0.628634888,-0.094808109,1.286070085,-0.036852917,0.641209679,0.208126986,0.457245319,0.778436024,0.564704393,-0.094553255,1.053514934,0.167574244,-1.278746384,0.313175832,0.300427599,-0.023145885,,0.058685404,0.018469442,0.913793937,-1.262662194,-0.311415951,-0.897339953,-0.620554186,0.011038968,0.711631184,0.455877047,0.419998641,-0.065806283,-0.04417102,0.296855244,-0.452687886,-0.106900038,-0.402336145,-0.496967017,0.077469185,1.608490188,-0.466256174,-0.94863336,-0.236559414,0.145375663,-1.067534345,-0.747069927,-1.585867852,-0.624939435,-1.144027072,-0.484556284,-0.039793677
P51812,0.610483141,0.866858554,1.449317518,0.258273684,0.458664422,0.136007589,1.308647858,0.554565492,0.515517224,0.997842343,0.640323524,0.257603043,-0.841528427,0.596585293,-0.313871871,-0.609631664,-0.266060056,-0.440981993,0,0.754886654,-0.06725588,1.051493559,,-1.759514074,-0.51765077,,-1.147679414,0.449971714,-0.334258651,0.204488413,-0.282582578,-1.10870592,-0.66711832,,-0.192976488,,-3.415996183,0.185571461,0.750964879,1.501335666,0.365612009,-1.122623868,,-0.258598982,-0.535180612,0.003584935,-1.427194497,,,-1.545394689,-0.774867075,,-0.670182788,-1.45457514
P58546,-0.497855879,0.23432997,-0.266663329,-0.197801686,-0.845665888,-0.238468306,-0.343167139,-0.139013167,-0.572180588,-0.400867773,-0.657000356,-0.685699053,0.016278112,-0.936181457,0.211962069,0.296541691,-0.740462616,-0.451219094,0.531633617,-0.184629942,0.045899745,-0.4320526,,-0.3658471,-0.470660896,-0.541311375,-0.74617726,-0.103756652,0.081499306,0.296032808,0.334889457,0.13607935,0.834004835,-0.038079418,-0.745396531,0.293822523,0.048478316,-0.450469496,0.330193106,-0.095383744,1.526815786,1.048383777,0.92956238,0.581437439,0.577359442,0.189281246,-0.443605305,0.464764917,-0.30637057,0.759361907,0.092932073,0.211927734,-0.803329397,0.641411645
P60852,-1.490206035,0.126934777,-0.128330905,-0.10118166,-1.252321111,-0.721745924,-0.357514275,-1.065768686,-1.757355871,0,-0.861878683,0.430719384,-1.67695321,0.253922733,-0.004358791,-0.336137583,-3.314582893,-0.457422857,0.229852785,-0.386165244,0.377989046,-0.421842824,-1.20821997,-1.321558617,-0.120457659,-0.075382976,-0.261694356,0.29116303,-0.117795031,-0.119643911,0.193468172,0.299014565,0.155040137,0.506784847,0.084943426,-0.255381159,0.031411875,0.461380089,-0.423009168,-1.380250079,0.021192401,0.27475018,0.244343845,0.194460638,0.253875973,-0.024976704,0.177452959,0.482720078,0.003396866,0.2038892,0.510158423,0.241909545,0.317457791,0.54242508
P60866,-0.016000335,-0.935897282,0.206906793,-0.002769047,0.431370912,1.090743626,1.214881972,0.69048572,0.638115015,0.479820904,0.805784853,-0.015042232,-0.056686952,0.119999888,0.897871452,0.359027809,0.311162229,0.33466023,-0.277991995,0.772214463,-0.062626316,-0.107495199,-0.403643145,-0.049678377,-0.157944984,0.117975037,0.211033232,-0.207920063,-0.367072879,-0.439780897,0.223075797,-0.194727705,-0.124360741,-0.882464695,-0.43128636,0.070125962,0,-0.064999667,-1.256290288,0.128804113,-0.229689795,-0.658930754,,0.112114051,-0.610001633,-0.145590622,0.228838611,-0.131140197,0.335806185,-0.444255311,-0.751816947,-0.857071846,0.175480529,-0.039824358
P60900,0.156224136,-0.724626014,0.717086918,0.818491416,0.860882502,0.285024983,1.255681506,0.666584169,0.380874888,-0.31585896,0.501748908,0.413909339,0.869365544,0.702156107,0.268943909,-0.279561565,0.159671908,-0.975396131,-0.333672978,0.41887701,-0.508730256,0.223312549,,-1.227453559,-0.4612192,0.024898872,-0.032090933,-0.640072636,0.109597809,-0.217000052,-0.346143989,0.230325843,-1.019537705,0.087653527,-0.365184929,0.294409836,0.305828249,-0.316854627,-1.328754036,0.251586378,0.147511703,0.18266374,-0.483278684,-0.672481079,-1.518567246,-0.69218389,-0.128317753,-0.421859763,-0.387606625,-0.047224859,0.39684918,0.14977926,0.501830696,0.075525368
P61006,-0.681235576,0.326711147,-0.000950156,0.351322594,-0.457554589,0.000949531,-0.622634312,0.385338812,-1.646632649,-0.805010816,0.178774817,0.111115417,0.728350173,-0.33148315,0.187967094,0.005522551,0.405529029,0.254817427,-0.131803319,0.12884112,-0.210886577,0.050472363,0.380969976,0.739909351,0.183625961,1.384690685,1.253771041,-0.206535042,-0.222451552,-0.47752751,0.102273981,-0.826716631,0.524021405,0.255743994,0.729307014,-0.637570237,1.464143277,0.074562853,0.092653727,-1.214457343,-0.556497503,-0.757343474,2.359709224,-0.983456429,-0.111878065,-0.202865012,-0.013538163,-0.774446631,0.190903204,-0.513681307,-0.554994677,-1.381666979,-0.420258473,-0.917791451
P62241,0.432832523,-0.004309213,0.733949894,-1.274126667,0.258941699,0.337498592,0.785862925,0.334643928,0.546645819,0.152058866,1.19772307,-0.558422241,-0.734756274,0.436326704,0.809724042,0.289412885,0.560258509,0.950276349,-0.434245952,-0.145066857,-0.012662123,-0.383466156,1.416148707,-0.344121342,0.935283671,0.052618514,0.259804892,-0.831824276,0.004997305,-0.742836512,-0.082520537,-0.415355547,-1.843184743,-0.740562444,-0.209537682,-1.710155097,-0.41203964,0.264452596,0.069802253,-0.027076104,-0.174935812,-0.745634577,-0.156395372,-0.988380346,-1.017521115,-0.207830385,-0.150969895,0.24050521,-0.121090796,-0.428930743,-0.225376587,-0.65665695,0.303778054,-0.641649903
P62249,-0.002382794,-0.511675114,0.232405564,0.190591898,0.516974002,0.81430969,0.479813899,-0.258801859,1.534562826,0.153584392,1.030118583,0.258860346,0.436622199,0.596052171,0.492975902,-0.014700292,0.461697021,-0.215542539,0.135319435,0.762766629,-0.781548859,0.10200657,0.381370066,0.103253501,0.005568546,-0.356608352,-0.34393089,-0.060990747,-0.023013979,-0.178692577,-0.356916682,-0.049803011,-0.482931888,-0.493956223,-0.001817027,-0.103918164,-0.441327733,-0.140671439,-0.09317283,0.134579013,-0.153161806,-0.115545313,-1.113828323,-0.120885943,-1.241917797,-0.382737411,-0.256726697,-0.338255891,-0.79076432,0.256383071,0.242318237,-0.759321581,0.261478769,-0.138083358
P62263,1.062809657,0.516969162,0.018249248,5.49355963,0.960015768,1.769578381,0.528915145,2.884303849,1.157680471,-0.051833445,1.262681719,-0.242762306,0.74768968,1.245837649,0.703991425,2.339707432,2.717329351,1.987077849,-0.649688059,0.10119115,-0.348980533,0.344880924,0.132100346,-0.485482054,1.525743186,0.516824681,0.70340482,-0.850908672,-0.249049689,-0.523646159,-0.650464274,-0.103105105,-0.069684041,-2.614879506,-0.11748581,-0.911072357,1.013563467,0.026157013,-0.219751028,0,0.2347329,-0.162129731,-1.09152747,-0.488624777,-0.692044392,-0.991978135,-0.92615699,-0.087321179,-0.273984367,-0.09320141,0.089879993,-1.148268312,1.304714392,-0.836404102
P62269,-0.131859259,-0.257487021,0.203649047,-0.236227055,0.257676949,0.291356051,0.322979591,0.753055146,-0.113910925,0.248884006,0.536975599,0.105400679,-0.253593975,0.324606477,0.577282243,-0.377328468,-0.581411656,1.181240794,0.558571647,0.856983197,0.270977263,0.282522119,0.264282857,0.299567845,0.266688595,0.431956817,-0.160103586,-0.332617526,0.168100845,-0.165563117,-0.30252196,0.225977035,0.121177648,-1.396488532,-0.110364473,-0.671109628,-0.6086028,-0.209714954,-0.295267341,-1.010692638,-0.940293341,-0.317935469,0.252696444,-0.049542179,-1.179447416,-0.448210897,0.146037426,-1.403548568,-0.28919436,-0.159915955,-0.155947405,0.02029274,-1.055382262,0.000701327
P62328,-1.90354759,-0.546742885,0.452067533,0.00347763,-0.306311332,0.309382058,1.194423748,0.571691028,-1.137971168,1.006909653,-0.656893212,-0.647408099,0.40523702,-0.573946162,-0.755757737,-0.465482077,-1.922506359,-1.307250885,0.120912252,-0.806328572,-0.43607027,-0.62238279,,-0.322448195,0.039481436,-0.899101803,-0.087626895,0.465463443,0.641331006,-0.709599655,-0.120946912,-0.239654181,0.136721235,0.469139014,0.110156915,-0.065649215,-0.064458074,-0.211338507,-0.249093343,-3.011594759,-0.599766662,-0.418142669,0.453065636,0.376524303,0.095035908,0.994326579,0.560610233,0.491192038,0.237880317,0.229756917,1.245253544,0.226756572,0.295595354,0.145158309
P62750,0.199136344,0.249811466,0.295098843,-0.521492766,-0.337086661,0.505622007,1.381358566,0.754883324,0.288314429,-0.104443562,0.484283218,0.029489281,-0.252229858,0.405806691,0.612237531,0.039543475,0.652333307,0.639043969,0.228175112,0.401658458,0.149738222,0.657618378,0.802468484,-0.514691268,1.20477998,0.557596811,-0.331936398,-0.032316934,0.071204479,-0.322901085,-0.294115725,-0.767326138,-0.995732629,-0.76888373,-0.493508197,,-1.019553586,-0.482417701,-0.359529832,0.372411164,-0.086593528,0.344706625,-0.429084164,-0.15619323,-0.420201917,-0.472979687,-0.10750747,0.352582182,0.02073191,-0.507734628,-0.498126389,-0.283139696,-0.434187273,-1.025021195
P62906,-1.109420645,0.29163361,0.369352267,0.636687292,0.306798443,0.511151409,0.983782189,0.940317215,0.619770717,-0.051377562,0.782551476,0.359165847,0.45322893,0.99309249,0.717284237,0.364225779,0.258665365,1.010284025,-0.838467719,-0.086656658,-0.767764708,0.383183195,-0.8233074,-0.089294429,0.241416823,-0.356764004,-0.643757806,-0.012392905,-0.477809068,-0.397797493,0.751442541,-0.487737719,-0.362948302,0.160908296,-1.053628194,-0.468511609,-0.52567353,-0.725396699,-0.499980073,0.012287355,-0.26564498,-0.548109171,-0.206795849,-0.951785989,-0.215857515,-0.351887715,-0.367843227,-0.113153384,-1.504847542,-0.227372548,-0.177135609,0.1751642,0.130856335,-1.148314308
P62917,-0.417350831,0.80475025,0.17747836,-1.397283811,-0.094597668,-0.735814546,0.812098004,-0.109917033,0.253011337,0.060022356,0.213838916,0.261553426,-0.706504231,-0.055984144,1.003972317,0.464703978,0.264134481,0.078568975,-0.154612239,0.428408706,0,0.50020913,0.741692649,0.320150188,1.172476482,0.739994503,-0.693036607,-0.749557569,-0.188060446,-0.366228863,0.113276643,-0.28398984,-0.690288237,2.81250216,-1.141962596,-0.894905866,-0.512039593,-0.295354684,0.042093222,-0.617478677,-0.10427408,-0.172468999,-0.406284984,-1.013172253,-0.417534019,-0.533629798,0.44162912,-0.574065824,-0.424771385,-0.100849996,0.01804224,-0.497034221,-0.887540357,-0.67201724
P83731,0.416421559,-0.026033637,0.137732233,0.39677411,-1.234214468,-0.195143216,1.352948054,0.474932613,1.311060296,-0.328835188,0.314859471,-0.21009344,0.670777606,0.791924517,-0.142733162,0.455546742,0.320091182,0.42847084,0.310705746,0.240810383,0.479501841,0.53775227,0.740101816,0.357871489,0.341725431,-0.098579202,0.041800129,-0.602104709,-0.2067696,-2.049189533,-0.423703681,-0.818839203,0.360264967,0.139938411,0.568062826,0.29216452,-0.778502135,-1.939666837,-0.127209625,0.332917035,0.031636642,0.126874805,,0.477871939,-0.887091481,-4.232034184,-0.821729126,,-1.022810389,0.223565484,-0.514794212,-0.012889307,-0.078277764,-0.071765612
Q02750,-1.22790229,-1.45233399,-1.537702592,1.791740053,-0.85713266,-0.888066343,0.240036295,-0.980587359,-2.039891949,-1.95399066,-1.812954271,-1.323362508,-0.206916737,-0.970095865,-1.243499488,-1.522120458,-1.26357448,-1.807804626,-0.88253561,-1.289915732,-1.824085004,-0.081810747,-2.27510957,-1.547825794,-1.01615846,-1.535581871,0.675334867,0.680173392,0.494959206,0.971559199,0.738510729,0.032843216,0.52833623,0.5999054,-0.353889791,0.482873378,0.044333737,0.415989951,0.344056803,0.808902599,0.146180681,-0.197909017,0.895905818,0.818116662,0.200481382,-0.101593091,0.077326628,0.636700923,0.695189577,0.262256163,-0.879899462,-0.042701398,0.605292347,-0.329013615
Q08629,-1.381658269,0.406997161,-0.649136983,-0.869241554,,-0.263214183,0.051777842,,,0.390631424,0.105614524,0.265106208,0.660352411,0.220069812,0.021611798,0.328713134,0.364528946,,0.379863974,0.99415997,0.744040714,1.403511174,-0.127039193,-0.105638494,1.616678505,1.63281164,0.283925043,-0.034277059,0.365784842,0.5062033,-1.760522041,0.293297939,,-0.245413196,-2.262504532,,0.359626668,0.348320534,0.535496869,,-0.342414186,-1.168920432,,,-1.19601676,-0.021940476,-1.572333185,-1.456236507,-0.395118703,-0.074161797,-1.420240801,-0.682275801,-0.317943231,
Q10471,-0.457105001,-0.525264319,0.7768531,-0.468552694,0.061273254,0.812373098,1.142203328,0.423408648,-0.410869645,0.923408597,-0.123344018,-0.053422345,-0.113574104,1.345202479,-0.582680218,0.901474038,-0.432598619,-0.040104385,0.985819282,0.951638358,0.960457923,0.558391886,0.912300861,0.700142294,1.400004634,0.76259686,0.810771149,-0.711410735,0.197668846,0.491198306,0.097631527,0.169497611,,-0.828442559,0.34550385,0.834885597,0.262794849,-1.429818944,-0.127932316,-1.157834179,-0.406943649,-1.611256193,-0.642267618,-1.194530926,-2.122931417,-0.965513778,-0.950500093,1.093784292,-0.261900165,-1.331883044,0.64580309,-0.504384725,-0.66016868,-0.759180568
Q13185,0.000579304,0.452536655,0.023076165,-1.314340272,0.563664357,-0.411506288,2.671445266,0.534116685,0.203556095,0.684435349,1.389575611,1.055937059,-1.820086397,1.445977727,1.243562728,-0.199339598,-0.04989317,-0.597552936,-0.088263089,0.601343243,,0,,,1.703548264,1.285193822,,,0.261423123,-0.08416444,-1.197031298,-0.106445467,-1.381437258,,-1.014502249,-0.540685372,-0.496848072,-1.805955703,0.403098241,-0.507068519,-1.707223295,-1.807864779,-0.888594874,-1.643757996,-0.576961356,-0.713596662,0.614903101,-0.144410719,,,-1.26850285,-0.065352286,-1.521803363,-1.366019975
Q13277,-0.876623789,0,-0.135039216,0.08183819,0.110750378,-0.728891416,-1.147485123,-0.412347649,-0.986932716,-0.475494126,-0.006127099,0.418986369,0.112735906,-0.158292941,0.155310541,-1.552594,0.466925286,0.164674015,0.380508953,-0.064224135,1.054271321,0.010238774,-0.577100251,0.590612088,-0.576097455,-1.103446272,-0.429968048,0.77925544,0.184885218,0.290034631,-0.26938406,0.338554065,0.289326579,0.669691124,0.838508129,0.873601822,-0.246034664,-0.100089931,0.226695931,0.039196167,0.59431523,0.333944742,,-0.063775073,0.350887527,-0.214971168,-0.54338902,0.946468711,0.553595953,-0.161595102,0.349498782,0.995339207,0.643599203,0.460048442
Q14108,-0.285927533,-0.109069611,-0.046595138,-0.341194244,-1.165271444,-0.055931411,-0.091088069,-0.071722254,-0.043683667,0.603808324,-0.336997641,0.410856005,-0.540828995,-0.458590144,-0.254623112,-0.73681157,-0.766262476,-1.041847265,0.115756075,-0.430954935,0.092726324,0.001988109,0.034624581,0.534458029,0.433574573,-0.034008882,0.2228063,0.345729513,0.012691777,0.915210782,-0.633577078,0.635277438,-0.55098991,2.58764606,0.324481933,-0.244576226,0.179980418,0,0.492621699,0.136519267,-0.078467143,-0.548582917,-0.864712105,0.416218803,0.489241845,1.05908088,0.284091001,0.383432138,0.626558299,0.908948722,-0.267931213,0.236168546,0.315667217,0.124165526
Q14203,0.28994186,0.294821753,0.549688649,-0.05306133,0.398778674,0.443555988,-0.405423425,0.290057947,0.612645649,0.068359538,0.723263195,-0.042954785,0.63848463,0.026191379,-1.233395318,0.702786794,-0.703107756,0.35951384,-0.956121162,-0.235740442,-0.298608777,-0.194449311,0.697323064,-1.092337859,0.208378553,0.709131981,-0.336038213,-1.083854314,-1.41813088,-0.086739559,-0.415531213,-0.418282836,-0.666321582,,-0.393400903,0.009010843,-0.002464419,0,-0.313041328,0.048904352,0.401762469,-0.738772065,-2.976057408,-0.112127924,-0.125209816,0.411210524,0.339981524,-0.022359475,0.464475781,0.433197614,-0.054882223,-0.28624252,0.007820592,-0.865035627
Q16658,0.461053065,1.730291101,0.343227675,0.287180642,-0.112669277,-0.010109852,2.26523051,-0.009948576,0.999689018,1.31809477,1.186676805,1.96230112,0.629597247,1.467707299,0.840310799,-0.267052604,0.304110577,1.045757168,1.745104992,2.210906414,-0.397120078,-0.264017154,1.54623881,-0.237049478,1.84170168,0.643950975,-0.676229248,0.174856069,-0.329686642,-1.124663642,-1.159909585,-1.625143167,-1.461537102,0.087664322,-0.840264104,-0.591910278,-0.327824364,0.591348313,-0.122288136,-0.911741114,-1.206991241,-1.250611055,-0.100831505,0.895357141,1.411583188,-0.037383654,0.189677381,-0.649913141,1.498369651,-0.570521795,0.281487352,0.009880442,-0.238450234,0.052854194
Q6GMV3,1.69943366,-0.306165121,-0.703715764,0.374079388,0.586756061,-0.018658585,0.111100913,-0.461779143,-1.274779331,-0.2029392,0.186027283,-0.463870389,-0.114727588,-0.217779752,-0.188788284,0.325795694,-0.551473645,0,0.184828364,-0.509946853,-0.267160456,-0.923701631,-0.9298073,-1.239575308,0.204694307,0.025154195,-0.28292494,0.102083489,0.447678749,0.440031319,0.036731806,0.550834782,-0.242280197,-0.025128559,0.266730378,0.628450129,0.141426096,0.021083825,0.336623869,-0.257027726,-0.112876604,-0.188552864,0.387855425,0.368008379,0.587092175,0.406453676,-0.033943281,0.099398719,0.297003845,0.444233556,0.528202409,0.444444039,-0.32827037,0.468542525
Q6IMN6,0.21065906,0.350039975,1.060674637,-1.07440794,0.09829341,0.499463761,0.729796611,0.149272192,0.018526632,0.925938568,0.823709416,-0.894302899,0.02822405,-0.01884767,0.31865586,0.481069796,0.978410287,-0.4036953,-0.480896073,0.205948655,0.93195109,0.921007624,0.368934699,-0.059484512,0.382349063,0.125151485,-0.160834614,-0.907264229,-0.3682106,-1.335166396,-0.112716644,0.317023802,-0.207772306,-0.459714339,-0.400978683,-0.650627463,0.28489842,0.499487117,-0.325322001,0.433617369,-1.483142112,-0.097955792,-0.537705367,-0.317600519,-0.791949552,-1.111986594,-0.311604003,-0.0310174,-0.581769846,-0.534918463,-0.531725032,-1.858792682,-0.300182931,-1.088577974
Q6RW13,-1.152082371,-1.479958305,0.312224554,-1.106880884,-0.634686252,0.185183492,-0.585152981,-0.66111463,-0.488370868,-0.802042961,0.282763623,-1.135479663,-0.743663366,-0.694692251,0.367531544,0.158474113,-1.010223361,-1.140597615,-0.470697064,-0.081792242,0.236578917,-0.680040193,-0.174782322,-1.611548584,-2.67444031,-2.050650385,-1.381519197,0.521192793,-0.453764253,-0.389622388,0.19538606,0.850228401,-0.147794963,0.413614419,-0.307579355,0.445740029,0.115639483,-2.402313874,-1.662270763,0.421922219,-0.784356115,0.616508733,-0.904221583,0.596784913,-0.013535481,1.233003507,0.837013722,0.083494662,0.300583861,0.013409669,0.655547837,0.676804364,-0.395489175,0.558509143
Q6UW68,-1.137739669,-0.337014311,-0.393288826,0.028554522,-1.015731183,-0.376300347,-0.596297911,0.578426245,-0.828215419,-0.359035729,-1.181387623,0.103968698,-0.37561495,0.412021414,-0.440687982,-0.434375998,-0.378753362,-0.431400907,0.75533629,-0.243073677,0.023754813,-0.423731319,0.635610708,0.579200203,-0.580117821,-0.096698524,0.655693443,0.464948212,-0.301406203,0.592487477,0.258736414,0.128095523,0.140851987,0.771409942,0.462921584,-0.293915002,0.257488731,-0.051751944,0.13438767,0.388462983,0.28077367,-0.172992341,0.614126424,0.140331904,0.323623374,0.038272624,0.210399598,-0.184118584,0.514633022,-0.025070652,-1.018593869,0.785894595,-0.575282864,0.438510405
Q86SH2,0.340216075,0.809297295,1.028879383,-1.599453464,1.13475736,-0.247601707,1.130523872,0.496718853,2.158444893,0.94605534,1.299862503,-0.918028786,-0.886880779,0.190762451,0.783410065,0.986134211,0.656970026,0.549991564,0.148592678,1.051043781,0.52638699,0.58813065,1.870773421,0.718165923,0.617275531,1.447533985,-2.591121839,,-0.972182209,-0.700925636,-1.869506615,0.212044191,-1.830105457,-1.172380252,-1.104032744,,-1.616448326,0.312294934,,,0.09597485,,1.187718364,-2.72420977,-0.104309166,-1.134182555,-1.257434339,-1.675940705,0.069358752,-2.5410321,-0.018978921,-3.477222178,,0.481466373
Q8IZA3,0.945168552,1.087653573,0.489920187,-0.025289225,0.666976908,0.550309204,-0.061553198,0.090919543,0.769573648,0.740191762,0.566930416,0.019532131,0.075268697,0.593316289,0.695110508,0.80496331,-0.022764219,0.431465832,0.598377802,0.937076225,1.053117606,0.708375607,0.138716918,0.984713447,0.690840592,1.004308224,-0.599446882,-1.786189494,-0.725235315,-0.015925093,-0.745501937,-0.627322247,0.453439108,-0.425603789,0.062671046,-0.183559125,-0.212392504,-0.534943035,-0.328220438,-0.56114605,-0.699864161,-0.437678292,0.091106148,-0.879818332,0.017389848,0.408935487,0.363255303,0,0.25233497,0.143135338,-0.160810383,0.273191206,-0.562179717,0.456773392
Q8WTV0-2,,-0.902759472,-1.563116604,0.432023245,-0.139778336,0.580063083,-0.775751189,-0.923694402,-1.888185725,-0.058331627,-1.048662444,-0.38732534,-0.585383497,1.18901392,-0.396705705,0.047599702,,-0.700815197,1.145773245,0.119850438,-1.485791163,-0.482330554,-0.427103779,-0.627673593,0.567997333,-0.071046497,-0.360128375,-0.025603326,0.034051595,0.7705325,0.7501211,0.731372997,0.335203425,0.791078282,0.610238487,,0.828961968,1.825143525,0.39403355,1.056552633,1.213186325,-1.303604615,-0.194381424,0.391813249,-0.500485631,0.151194739,-0.164027487,0.196027719,-0.029736647,0.727011026,0.875396605,-0.249507024,0.7293649,2.061523119
Q8WVJ2,-0.696446818,-0.452218766,-0.580156889,-0.168042377,0.067809746,-0.305955892,,-0.437484031,-0.712758249,-0.728297433,-0.295370631,-0.495901494,-1.025016366,-0.520670783,0.079362956,-0.452683198,-2.103421985,,-0.619360008,-0.520136436,0.32995335,0.482627715,,-0.427095408,-0.560243722,-0.262141402,0.45614202,-0.427036293,-0.749846111,0.603185618,0.648278481,0.617293164,0.486747155,1.751000451,0.353341764,0.104263705,-0.013517881,0.393437366,0.305267885,1.093250305,0.060959083,-0.85658104,0.711452101,0.498510155,0.850228917,0,0.041361532,-0.470525983,0.869601661,0.071749429,-0.212507053,0.779341689,-0.258005264,0.70584888
Q96CW5,0.616446952,1.166351025,0.357355344,,0.094132948,0.668218142,-0.457757162,1.474492523,3.53063436,0.912495147,0.931779575,0.77864099,-0.164271556,-0.243153026,0.096650791,0.686131448,-0.218467236,0.354819055,-0.611951083,0.815341297,-0.026402819,-0.207291161,-0.215448268,-0.779316556,0.053881423,-0.325244337,,-0.547876267,-0.555277151,-0.348985408,-0.629096148,-1.538290675,,-1.008041134,-0.098572854,-0.935451293,0.043509274,-0.851015525,0.965002048,0.152220337,-0.050102024,0.55613844,,-0.374423481,-0.243284234,,,-0.141601018,-0.501338131,0.720808171,-0.024999244,-0.774599694,-0.071038005,
Q96EA4,-0.054409435,-0.747010669,-0.885132401,-0.630141919,-0.414084793,-0.719249646,-0.789939561,-0.148370397,-1.724332143,-0.639819063,-0.524957822,0.29957173,-1.257813128,-0.038775485,0.113850704,-0.09191269,-0.717425149,-0.965918031,-0.714317756,-0.634977643,-0.564666279,0.229493227,-1.04842342,-0.302862389,-1.426656133,-0.792878408,0.647578746,0.139958047,-0.067634704,0.485404344,0.572387238,0.158428155,0.516386957,0.105065066,0.053353849,0.30481309,0.278489635,0.580679507,0.640464837,0.550081048,0.701975541,0.041017386,-0.493828564,0.079672915,0.567538046,0.990866497,0.338955503,0.159473762,-0.327123183,0.177106162,-0.139596411,0.760335806,0.531125072,0.458439033
Q96M93,0.826640362,0.719286351,1.079797967,,1.029727659,0.43672107,-0.003973408,0.519902914,0.85338918,0.407700233,1.344988585,-0.915660946,-0.380702122,-0.158299099,1.018455448,0.003962495,0.833791765,0.432204513,-0.60745197,0.993347629,0.395086914,1.442371168,0.917753531,0.335265639,-0.17603333,0.394077618,-0.178414376,-2.716304045,0.35588941,-0.23095794,-0.349068868,0.130584405,0.17300592,-0.718388995,-0.0496634,0.619866536,-0.490020614,0.506432071,-2.135820203,-0.089673515,0.149296639,-0.206486886,,-0.650409187,-0.655729905,0.04255121,-0.128882023,0.647612944,-0.440899462,-0.143031962,-0.201184311,-0.432705407,-1.053340415,-0.81805486
Q96MN2,-0.520919306,-0.851525423,-0.646521032,0.306239475,-0.998093913,-1.861910358,-2.646466149,-1.905865829,-0.695210499,-1.544023414,-1.467736943,-0.164749578,-0.294667958,-1.27194155,-1.142223705,-1.33996875,-1.154709058,-0.827599089,-0.215874368,-0.342515476,-0.837275051,-1.618670967,-1.055097146,-1.757571413,-0.870259218,-0.712985422,0.106035512,0.986339854,0.240683719,0.458479531,0.050329483,0.167531306,0.042102779,-0.223457741,0.459093981,-0.201775719,0.591378093,0.368723202,0.772761851,0.271028769,0.555519725,0.228665918,0.59458646,0.333755117,0.326266021,0.426450222,-0.733898864,-0.455769104,0.342785789,0.615930105,1.07038434,0.810991944,0.99504333,0.603673888
Q99805,1.022958676,-0.522298445,-0.05339555,-1.01827585,0.007163451,0.965062826,0.288198746,1.184681742,1.109612968,0.444782222,0.259319228,0.774893149,0.389423696,0.079463439,-0.224369134,0.362456523,-0.000165195,0.706422789,0.627507901,-0.060179995,0.772399892,0.853315765,0.54202833,0.651611851,0.707666971,0.913028296,0.059871318,0.149335895,-0.425795578,0.593792492,0.486361447,-0.426044542,-0.524052906,-0.391590234,-0.734604635,0,-0.492336149,-0.631064304,-0.619481185,-0.771199617,-0.763282908,-0.403654149,-0.576772254,-1.780211395,-1.011926667,-1.19136352,-0.960015892,0.142923692,-0.365174145,-1.083515585,0.077831475,-1.042000977,-0.092692902,-1.03915329
Q9BV73,-0.404898232,0.540707467,0.543990399,-0.985936301,0.108406465,0.652158733,-0.968488859,-0.233864564,0.888634849,0.159411332,-0.038958158,-0.577323947,-0.006071012,0.249068649,0.860594761,-0.059839451,1.045328199,-0.210254848,0.143237015,-0.706123775,0.628844085,0.57909538,-0.08117128,0.563845656,-0.984050471,0.086395396,-0.459210492,-0.403431611,-0.347298614,0.256689821,0.162430649,0.699087675,0.122129062,0.960373177,-0.236240576,-0.814930464,0.262385468,-0.255781299,-0.029473287,0.826104368,-0.663791392,-0.452421816,1.521176647,-0.40710346,-0.090040516,-0.907230383,-0.712006868,-0.589648834,-0.889252544,-0.828425965,-1.499556911,-1.227103048,-0.507383242,-0.66394597
Q9H568,-2.863195471,-1.501782896,-2.318283325,-0.195305388,-2.182594666,-1.737937322,-1.934934381,-2.864507453,-2.302842384,-2.230554429,-3.117704537,-1.788406069,-1.965747898,-2.008348611,-1.813320046,-1.720383266,-2.499117487,-2.311321093,-2.356849073,-2.042921948,-1.769524103,-2.154991941,-1.141133547,-2.26708149,-2.153036598,-1.804013521,0.713522306,0.843772578,0.31716531,0.516154682,0.752492178,1.090942508,0.976710853,0.767225907,0.229804833,0.69795365,0.435160093,0.945901404,0.838834462,-0.287869682,0.84535942,0.751629089,0.48267134,0.782077945,0.468746346,0.874977034,0.827334544,0.031658949,-0.261474597,0.361531222,0.613072444,-0.015039083,1.024647991,0.566189535
Q9H853,1.499444431,0.036075766,0.867664543,-0.711635111,-0.160046511,-0.403408785,0.807412289,-0.564962021,-0.925446864,-0.091417885,-0.352232253,0.035599332,-0.55258185,-0.382933301,-0.077146882,-0.24687958,-1.479197875,0.264740967,0.125931406,-0.159453721,,-0.424352729,-1.705632597,-0.697250379,0.168701918,-0.122153973,0.113940476,0.006439187,0.301853003,-0.511909814,-0.176931368,0.344304209,-0.118559383,-0.1920969,,0.143269588,0.018091829,-0.072820826,0.001001843,-1.925745866,0.773257821,1.073067684,-0.227000622,0.43053871,0.392770948,0.615832067,0.187422629,-0.106959362,-0.269091249,0.377855619,1.378771013,0.086941089,0.150831495,0.260760806
Q9H910,0.322753541,0.708925693,0.218591292,-0.606558176,0.640849732,0.528426202,0.461217745,0.744659362,0.559465933,0.738892007,0.574253678,0.016230481,0.496697006,0.186875842,0.24947296,0.262569647,0.787297929,0.120229983,-0.022615832,-0.504560394,0.193696829,0.429276787,0.376674123,-0.411264634,0.072379203,-0.071543419,-0.052777319,-0.558189388,-0.175705409,-0.473489786,-0.044258886,-0.243997413,-0.984161744,-0.073752338,-0.699983595,-0.327621948,0.004420697,0.128201027,0.218860063,-0.725118068,-0.034342991,-0.265992519,-0.544481408,0.145357862,-0.191729581,0.229146964,0.426973193,0.090725207,0.099060608,-0.466756915,0.330924659,-0.861163618,-0.45399741,-0.58802108
Q9NQI0,-0.097005743,0.758338621,0.512575071,-1.541248061,0.529368725,-0.254705322,-0.267548694,0.097192354,-0.26981822,0.383632313,0.624567407,-0.486978595,-0.075599295,0.194832368,0.531854702,-0.255010712,0.248420389,0.132837433,-0.177713126,-0.04645549,0.16557995,0.169572187,-0.958133634,0.540207626,-0.303826399,0.371408279,-0.087954918,-0.337121668,0.14416116,-0.025920303,0.021535012,-0.268215384,-0.178016623,0.002326935,-0.154321875,-0.44554743,0.358010372,0.173432968,0.191873636,-0.009831056,-0.847734439,-0.411470664,-0.355404547,-0.35525301,-0.280259138,-0.681613682,0.212359786,-0.642585373,-0.779092237,-1.346484849,-0.404323816,-1.035017574,-1.215289874,-0.566152825
Q9NWY4,-0.956296609,-1.211475719,-0.930448709,1.277807829,-0.021737065,-0.182523247,-0.476871543,-2.627147977,-1.661971857,-1.98900479,-1.418069849,-1.419785042,0.530303811,-0.857552862,-0.400049799,-1.648610022,-2.00315907,-0.202328739,-1.742990225,-0.595123457,-0.172601122,-0.594351442,,-0.707947139,-1.592711678,-0.125941243,0.191441221,-0.218076569,0.851825746,0.729063329,0.779820861,0.301381976,1.02553953,-0.340226497,1.057905971,-0.596571853,0.709386123,0.752887239,1.304289263,-0.667314814,0.601491862,-0.849130854,0.362678021,-0.765678725,-0.443877855,-0.024684643,0.446766861,0.491147608,0.76595056,0.678037558,0.34966584,0.255213908,0.676620479,0.416800179
Q9UBQ0,0.306899345,0.296077049,0.574027293,-0.997902115,-0.048174918,0.057830015,0.679427756,0.952278753,0.523357898,-0.027436473,0.206892484,0,0.055985543,0.253961988,0.53722943,0.371464993,-0.358546169,0.653515072,-1.518490822,-0.221251461,-1.0242889,0.153306942,-3.792806156,0.181756407,0.138573247,0.187779004,-0.447258576,-1.31513456,-0.462625548,-0.336013731,-0.140482812,0.171218636,-0.770159695,-0.522235866,-0.450229376,-0.808024762,-0.967549597,0.189346635,0.327142285,-0.70076594,-0.645547026,-0.979285218,-0.312334768,-0.265449948,-0.61661453,-0.201431578,0.542964264,0.133038913,-0.318990214,-0.413538374,0.551590002,0.697672648,0.050730725,-0.393128987
Q9Y2T7,0.75817244,0.821635368,0.557612359,-0.801951684,0.772007206,0.48575371,0.468067799,0.550953352,0.871938923,0.850362051,0.719783919,0.017149732,0.465499173,0.299987224,0.779331667,0.821845754,0.874718526,0.272058311,0.176999511,0.739963519,1.244075415,1.015030571,0.147988745,0.74516727,0.499863549,0.982088666,-0.296511152,-0.889099531,-0.234590841,-0.549425408,-0.228895521,-0.182495527,-0.564120443,-0.654461271,-0.452348744,-0.381026973,-0.26080356,-0.625024023,-0.427307466,-0.825665636,-0.869651672,-0.393096421,-0.16515149,-0.373337982,-0.178903631,-0.340832603,-0.042518577,-0.20630607,-0.436264986,-0.535907186,-0.362498398,-0.500942416,-0.657610597,-0.512454427
Q9Y2W6,0.928920636,0.722040256,0.608971881,-0.919224536,0.402119635,0.414393641,0.183959552,1.435200751,0.693894846,0.251815835,0.831595901,0.421533844,0.097792546,0.443843449,0.606236104,0.646252911,0.629657732,0.543764946,-0.071788962,1.063024852,0.295186779,0.792787351,1.82066576,0.94064419,0.548423595,0.530395127,-0.418788178,-0.819021614,-1.009947211,-0.897408596,0.012942812,-0.440093029,-0.700172685,-0.574623078,-0.015610725,0.117629391,0.308576299,-0.422872049,0.119474628,-0.219504772,-0.986576376,0.447893367,0.867608512,-1.206377653,-0.953356699,-0.430393063,-1.660209618,-0.457441053,-0.097865561,-0.587383713,-0.535830353,-0.711969962,-1.086925718,-0.893408929
Q9Y6A5,-1.147094111,-1.814699316,-1.64493616,0.012890262,-1.855656123,-1.991025362,-2.312683364,-1.590479368,-3.085867421,-2.752380583,-2.959694016,-1.842069551,-1.927724594,-2.671245065,-1.906054312,-1.645341563,1.443857669,0.766592208,-1.424315338,-0.101644828,-1.044534521,-0.661977688,-1.063293545,-0.7411208,-2.181516571,-0.75214099,-0.040269812,0.03498173,0.543952606,-0.63823287,0.895641258,0.255591446,0.339896428,-0.415595666,-0.010254416,-0.154800859,0.753643636,1.032666671,-0.176325587,-0.085754685,-0.136134354,0.312723557,0.344910866,-0.153055884,0.274794795,-0.214638732,0.031793562,-0.086008629,0.139659367,0.344008203,0.12930737,0.160102567,0.212820693,0.306340105
