Randomised Permuations,Data
-0.068,-0.262
0.030,
-0.027,
0.046,
0.105,
-0.009,
0.026,
0.018,
-0.073,
-0.003,
-0.009,
0.040,
0.001,
-0.029,
-0.024,
0.060,
-0.004,
0.135,
0.091,
0.007,
0.089,
-0.141,
-0.042,
-0.013,
-0.065,
-0.027,
0.011,
-0.008,
-0.069,
-0.086,
0.061,
0.089,
0.091,
-0.066,
0.049,
0.027,
-0.087,
-0.121,
-0.081,
-0.016,
-0.180,
-0.107,
-0.031,
-0.007,
-0.020,
0.149,
-0.063,
0.046,
0.015,
-0.144,
0.035,
0.158,
0.089,
0.084,
-0.079,
-0.083,
0.044,
0.019,
-0.001,
-0.012,
0.078,
0.049,
0.018,
0.074,
-0.083,
-0.008,
0.123,
0.016,
0.027,
0.046,
0.114,
-0.124,
0.000,
0.033,
-0.121,
0.034,
0.043,
-0.015,
-0.002,
-0.001,
-0.026,
-0.076,
-0.095,
0.043,
-0.011,
0.080,
-0.135,
0.157,
-0.059,
-0.011,
-0.038,
-0.009,
-0.043,
0.006,
0.070,
-0.103,
-0.017,
0.024,
0.061,
0.050,
-0.043,
0.090,
-0.026,
0.000,
0.100,
-0.094,
0.015,
-0.074,
-0.050,
-0.076,
-0.019,
-0.065,
0.047,
-0.187,
-0.069,
0.098,
0.061,
-0.027,
0.134,
0.073,
0.074,
0.013,
-0.056,
-0.012,
0.028,
0.006,
0.024,
-0.011,
0.039,
-0.036,
0.002,
-0.089,
0.044,
-0.073,
-0.066,
0.005,
0.026,
-0.010,
0.105,
0.109,
-0.044,
0.001,
-0.008,
-0.004,
0.012,
0.029,
-0.064,
0.004,
0.008,
-0.141,
-0.014,
0.120,
-0.045,
0.012,
-0.081,
0.061,
-0.086,
-0.022,
-0.090,
-0.024,
0.019,
0.031,
-0.004,
0.085,
-0.003,
0.036,
0.037,
-0.047,
-0.019,
-0.020,
-0.045,
0.066,
-0.047,
-0.013,
-0.015,
0.008,
-0.017,
-0.135,
-0.103,
-0.022,
-0.013,
-0.070,
-0.054,
0.051,
0.069,
-0.013,
-0.005,
-0.129,
0.072,
0.027,
0.067,
0.035,
-0.043,
0.038,
-0.092,
0.003,
-0.010,
-0.059,
-0.054,
0.093,
0.100,
-0.008,
0.004,
0.003,
-0.064,
0.013,
0.044,
-0.015,
0.076,
0.094,
0.024,
-0.083,
0.130,
0.079,
-0.044,
0.054,
0.075,
-0.052,
0.048,
-0.019,
0.020,
0.055,
0.035,
0.066,
-0.016,
0.002,
0.027,
0.073,
0.039,
0.020,
0.029,
-0.067,
-0.013,
-0.048,
-0.014,
0.124,
0.020,
0.048,
-0.004,
-0.067,
0.011,
-0.029,
0.143,
-0.095,
0.091,
0.100,
0.062,
0.057,
0.038,
-0.113,
-0.129,
-0.002,
0.104,
0.061,
-0.051,
0.001,
0.004,
-0.031,
-0.016,
-0.033,
-0.025,
0.069,
-0.016,
0.103,
0.037,
0.109,
-0.012,
0.104,
-0.010,
-0.017,
-0.050,
-0.028,
-0.078,
0.070,
0.029,
-0.066,
-0.062,
-0.041,
-0.009,
0.023,
-0.095,
0.004,
-0.112,
0.021,
0.012,
0.025,
-0.037,
-0.071,
0.005,
-0.022,
-0.192,
0.176,
-0.086,
-0.077,
0.074,
-0.061,
0.064,
0.002,
-0.035,
0.034,
-0.006,
-0.017,
-0.008,
0.198,
0.018,
-0.003,
-0.029,
-0.106,
0.057,
0.035,
-0.081,
-0.037,
-0.121,
0.071,
-0.035,
-0.107,
-0.016,
0.018,
0.097,
0.054,
-0.063,
-0.006,
0.004,
0.138,
0.060,
-0.059,
0.000,
-0.050,
-0.046,
0.002,
0.074,
0.089,
0.032,
-0.006,
-0.061,
-0.028,
0.026,
-0.037,
0.053,
-0.069,
0.115,
-0.078,
0.043,
0.110,
-0.034,
-0.118,
-0.076,
-0.007,
-0.054,
0.020,
-0.142,
-0.054,
0.103,
-0.037,
-0.025,
-0.027,
0.039,
0.010,
0.051,
-0.018,
-0.034,
0.058,
0.062,
0.121,
0.065,
-0.016,
0.000,
-0.074,
-0.017,
-0.086,
-0.096,
0.117,
-0.089,
0.059,
0.041,
0.102,
0.120,
0.081,
0.023,
-0.043,
0.162,
0.003,
0.026,
-0.032,
0.003,
-0.062,
0.020,
0.049,
-0.067,
0.025,
0.005,
0.007,
-0.068,
0.077,
0.038,
0.000,
0.045,
0.054,
-0.083,
0.048,
0.170,
0.123,
-0.004,
0.066,
0.030,
0.041,
0.031,
-0.058,
0.064,
0.027,
0.060,
-0.012,
0.043,
-0.017,
0.069,
-0.048,
0.069,
-0.008,
0.104,
0.053,
-0.060,
-0.017,
-0.014,
-0.116,
-0.098,
-0.005,
0.063,
0.061,
0.070,
-0.024,
0.074,
-0.030,
-0.040,
-0.029,
0.072,
-0.112,
-0.055,
-0.075,
-0.054,
-0.015,
-0.040,
-0.080,
0.057,
-0.049,
-0.142,
-0.002,
0.077,
-0.027,
-0.113,
-0.127,
-0.045,
0.021,
0.005,
-0.051,
-0.059,
-0.120,
0.103,
-0.060,
0.068,
0.076,
-0.152,
0.064,
-0.030,
-0.055,
-0.028,
-0.024,
-0.052,
0.102,
-0.024,
-0.043,
0.036,
0.139,
-0.091,
-0.031,
0.007,
-0.036,
0.180,
-0.088,
0.118,
0.033,
0.116,
0.002,
0.048,
0.017,
-0.040,
0.036,
0.128,
-0.084,
0.004,
-0.002,
0.050,
-0.066,
-0.081,
-0.051,
-0.072,
-0.112,
0.049,
-0.101,
-0.118,
-0.038,
0.041,
-0.015,
0.054,
0.027,
-0.038,
-0.091,
-0.049,
-0.007,
-0.055,
-0.131,
0.090,
0.054,
-0.154,
-0.081,
0.013,
-0.044,
0.156,
0.093,
-0.217,
0.054,
-0.171,
0.006,
0.009,
-0.036,
-0.055,
-0.033,
0.030,
-0.087,
0.035,
-0.031,
-0.035,
0.160,
0.019,
0.046,
0.021,
-0.173,
-0.097,
-0.001,
-0.106,
0.024,
0.177,
0.058,
-0.012,
-0.008,
-0.005,
0.071,
0.003,
-0.031,
0.018,
-0.044,
0.020,
0.153,
-0.114,
0.027,
0.088,
0.107,
-0.063,
-0.047,
-0.079,
0.003,
0.135,
0.117,
0.057,
0.003,
-0.044,
0.048,
0.036,
-0.187,
0.072,
-0.012,
-0.076,
0.008,
-0.167,
-0.068,
-0.033,
0.009,
0.049,
0.017,
0.036,
0.020,
-0.029,
-0.037,
0.045,
-0.037,
0.040,
0.022,
0.079,
-0.186,
-0.100,
0.066,
0.078,
0.022,
0.037,
0.054,
-0.049,
-0.042,
0.027,
-0.065,
0.015,
-0.119,
-0.015,
-0.184,
-0.080,
-0.015,
-0.070,
0.028,
-0.046,
0.091,
0.042,
-0.021,
0.124,
0.069,
0.006,
-0.081,
0.049,
0.043,
-0.030,
0.021,
-0.061,
-0.055,
-0.057,
-0.038,
0.008,
-0.113,
-0.079,
-0.060,
0.041,
0.029,
-0.011,
-0.005,
0.071,
0.040,
0.012,
0.125,
-0.027,
-0.036,
-0.015,
-0.030,
0.077,
-0.042,
-0.051,
-0.162,
0.074,
-0.083,
0.073,
0.052,
-0.012,
0.003,
-0.113,
0.086,
-0.027,
0.005,
-0.114,
-0.002,
-0.107,
0.054,
0.058,
0.030,
-0.043,
0.170,
0.001,
0.116,
-0.101,
0.112,
0.078,
-0.021,
0.031,
-0.039,
-0.025,
-0.082,
-0.005,
0.000,
0.006,
0.003,
-0.052,
0.034,
-0.069,
0.035,
-0.082,
0.024,
0.044,
-0.098,
0.016,
-0.038,
0.135,
-0.021,
-0.105,
-0.027,
0.166,
0.001,
-0.074,
-0.021,
0.098,
-0.015,
0.065,
0.090,
0.261,
-0.003,
0.008,
-0.034,
-0.022,
-0.058,
0.031,
0.012,
-0.019,
-0.047,
-0.050,
-0.023,
0.085,
-0.023,
0.101,
-0.073,
-0.024,
0.023,
0.165,
0.001,
-0.030,
0.017,
-0.058,
0.003,
0.011,
-0.024,
0.033,
-0.098,
-0.020,
0.051,
0.108,
0.157,
0.006,
-0.004,
0.078,
-0.073,
0.040,
-0.148,
0.029,
0.052,
0.006,
0.088,
-0.034,
-0.050,
0.070,
0.034,
0.100,
0.101,
-0.106,
0.000,
0.032,
0.055,
-0.034,
0.085,
-0.043,
-0.013,
0.039,
0.063,
0.060,
0.043,
0.006,
0.043,
0.004,
0.039,
0.008,
0.037,
0.002,
0.046,
-0.040,
-0.024,
-0.030,
-0.026,
0.060,
-0.037,
0.068,
0.085,
0.004,
0.000,
0.021,
-0.085,
-0.164,
-0.015,
-0.053,
0.068,
0.001,
0.226,
-0.036,
0.152,
-0.020,
-0.060,
0.050,
-0.023,
-0.004,
0.000,
0.019,
0.070,
0.028,
0.022,
-0.042,
-0.020,
0.109,
0.071,
0.088,
0.112,
-0.085,
-0.091,
0.050,
-0.149,
0.008,
0.098,
0.052,
-0.006,
-0.069,
0.070,
-0.009,
0.080,
0.082,
-0.041,
-0.009,
0.043,
0.022,
-0.042,
0.017,
-0.012,
-0.088,
0.014,
-0.002,
0.040,
0.030,
-0.019,
-0.012,
0.076,
0.113,
-0.109,
0.042,
-0.040,
0.058,
0.069,
-0.009,
-0.198,
-0.021,
-0.087,
0.036,
0.040,
-0.123,
0.006,
-0.050,
0.004,
0.013,
0.128,
-0.054,
0.101,
-0.014,
-0.035,
-0.081,
0.098,
0.079,
-0.042,
0.003,
-0.112,
-0.048,
-0.112,
0.007,
0.098,
-0.057,
-0.045,
0.048,
0.063,
0.019,
-0.064,
-0.016,
0.118,
-0.046,
-0.072,
-0.041,
-0.041,
-0.089,
0.074,
0.032,
0.044,
-0.115,
0.001,
-0.061,
-0.118,
0.081,
0.179,
0.097,
-0.083,
-0.011,
0.068,
0.052,
-0.097,
-0.044,
-0.013,
-0.104,
0.042,
-0.003,
0.108,
-0.096,
0.010,
-0.067,
0.061,
0.066,
0.050,
0.064,
0.017,
0.039,
0.014,
-0.042,
0.068,
-0.008,
0.007,
-0.032,
0.021,
-0.064,
0.031,
0.111,
0.046,
-0.001,
0.063,
-0.039,
0.115,
-0.120,
0.052,
0.057,
0.056,
-0.035,
0.105,
0.112,
-0.075,
0.070,
-0.022,
-0.007,
-0.082,
-0.051,
-0.060,
-0.048,
-0.134,
0.003,
-0.072,
-0.031,
0.071,
-0.015,
0.086,
-0.066,
0.035,
0.034,
0.038,
-0.111,
0.080,
0.005,
-0.098,
0.011,
0.160,
0.023,
-0.034,
-0.095,
-0.062,
0.088,
0.119,
0.022,
-0.059,
-0.035,
-0.058,
-0.074,
-0.004,
0.092,
-0.026,
0.068,
-0.011,
0.062,
0.093,
0.103,
0.015,
0.152,
0.029,
-0.027,
-0.024,
0.035,
0.069,
-0.030,
-0.124,
0.022,
-0.014,
0.096,
0.021,
0.015,
0.029,
-0.122,
0.068,
-0.020,
-0.054,
0.051,
-0.055,
0.012,
0.030,
-0.061,
-0.124,
-0.088,
0.058,
-0.019,
0.070,
0.107,
-0.017,
0.005,
0.015,
-0.021,
-0.005,
-0.070,
-0.039,
0.056,
0.003,
-0.052,
0.023,
0.007,
0.122,
-0.036,
-0.008,
0.152,
-0.097,
0.131,
0.156,
-0.003,
-0.021,
0.009,
-0.119,
0.077,
0.061,
0.058,
-0.045,
0.055,
0.000,
0.100,
-0.047,
-0.042,
-0.006,
0.082,
0.064,
-0.012,
0.023,
-0.088,
0.002,
-0.052,
-0.051,
-0.122,
-0.133,
0.107,
0.097,
-0.117,
0.123,
-0.031,
-0.009,
0.059,
-0.046,
0.067,
-0.066,
-0.071,
0.045,
-0.104,
-0.022,
0.034,
0.029,
-0.031,
0.007,
0.008,
0.085,
-0.048,
0.018,
0.004,
-0.009,
-0.018,
-0.192,
0.052,
-0.019,
-0.107,
0.065,
-0.122,
0.023,
0.063,
-0.036,
0.215,
0.006,
-0.004,
0.073,
-0.073,
-0.019,
-0.006,
-0.050,
0.017,
0.005,
0.021,
0.067,
0.055,
-0.009,
0.059,
-0.020,
-0.033,
0.113,
0.078,
-0.028,
-0.020,
-0.008,
-0.009,
-0.054,
-0.110,
-0.023,
0.210,
-0.007,
0.130,
-0.122,
0.018,
-0.172,
-0.013,
0.041,
0.026,
0.043,
0.028,
0.054,
0.112,
0.021,
-0.023,
-0.234,
-0.010,
0.052,
-0.129,
-0.104,
0.024,
-0.113,
0.039,
-0.059,
0.089,
0.106,
0.019,
-0.050,
0.150,
0.035,
0.129,
0.150,
-0.053,
0.032,
0.043,
0.136,
0.108,
0.000,
-0.011,
-0.006,
0.053,
0.054,
-0.111,
0.060,
-0.049,
0.089,
0.043,
-0.036,
0.056,
-0.013,
0.100,
-0.004,
-0.015,
-0.118,
0.076,
-0.021,
-0.030,
0.038,
-0.055,
-0.040,
0.130,
-0.055,
-0.001,
-0.191,
0.035,
-0.106,
-0.076,
0.120,
0.061,
0.049,
0.019,
-0.051,
-0.004,
-0.051,
-0.006,
-0.035,
-0.083,
0.061,
-0.089,
0.005,
-0.086,
-0.067,
0.027,
0.019,
0.026,
-0.062,
-0.165,
0.078,
0.068,
0.072,
-0.044,
-0.025,
0.077,
0.050,
-0.005,
0.149,
-0.107,
-0.009,
0.078,
0.081,
-0.005,
0.080,
-0.106,
0.025,
0.047,
-0.062,
0.013,
0.050,
-0.075,
0.011,
0.069,
0.082,
0.020,
0.020,
0.071,
0.000,
-0.082,
-0.015,
0.090,
-0.045,
-0.011,
-0.048,
0.046,
0.034,
0.047,
0.040,
-0.032,
-0.020,
-0.093,
0.084,
-0.055,
-0.001,
0.117,
-0.008,
-0.013,
-0.025,
-0.076,
0.008,
0.096,
-0.044,
0.076,
0.028,
-0.026,
-0.001,
0.112,
-0.043,
0.052,
0.112,
-0.054,
0.113,
-0.072,
-0.103,
-0.040,
-0.094,
0.071,
-0.028,
0.041,
-0.073,
-0.010,
-0.055,
-0.120,
0.029,
0.073,
0.081,
0.048,
-0.079,
0.037,
0.111,
-0.039,
-0.035,
-0.028,
-0.073,
-0.006,
-0.123,
0.110,
0.051,
0.048,
-0.018,
-0.011,
0.041,
-0.005,
0.036,
0.035,
0.120,
0.135,
0.039,
-0.016,
-0.073,
0.084,
-0.094,
0.016,
-0.100,
0.079,
0.000,
-0.036,
0.069,
-0.027,
-0.067,
0.074,
0.099,
0.029,
0.084,
0.022,
-0.050,
0.034,
-0.097,
0.113,
-0.098,
0.028,
-0.045,
-0.067,
0.147,
0.003,
-0.164,
-0.064,
0.080,
-0.065,
-0.046,
0.094,
0.002,
-0.066,
0.041,
0.107,
0.050,
-0.103,
0.015,
0.064,
-0.087,
0.016,
0.022,
-0.030,
-0.051,
-0.004,
0.116,
0.032,
0.056,
-0.022,
0.110,
0.154,
0.052,
0.019,
0.059,
0.068,
0.081,
0.038,
0.005,
-0.221,
-0.004,
-0.110,
-0.045,
-0.013,
-0.033,
0.007,
0.033,
0.029,
0.044,
-0.012,
0.024,
-0.004,
0.104,
0.016,
0.026,
-0.123,
-0.057,
0.088,
-0.025,
0.093,
0.050,
-0.004,
0.071,
0.003,
0.123,
-0.061,
-0.003,
-0.015,
0.051,
-0.075,
0.030,
-0.044,
-0.124,
0.063,
-0.043,
-0.063,
-0.005,
-0.060,
0.109,
0.039,
0.043,
-0.179,
0.013,
-0.032,
0.099,
-0.066,
-0.096,
-0.026,
0.002,
0.021,
-0.034,
-0.073,
0.070,
-0.055,
0.062,
0.058,
-0.016,
0.069,
0.212,
-0.046,
0.152,
-0.009,
-0.057,
0.015,
-0.039,
0.037,
-0.069,
0.001,
-0.092,
-0.056,
0.038,
-0.018,
0.002,
-0.004,
0.058,
-0.032,
-0.110,
0.182,
-0.004,
-0.063,
0.063,
0.064,
-0.166,
0.044,
0.128,
0.002,
-0.086,
-0.033,
0.041,
-0.052,
0.009,
0.007,
-0.027,
-0.002,
-0.018,
0.060,
-0.025,
0.023,
-0.039,
0.070,
-0.034,
0.043,
0.140,
0.030,
-0.084,
0.018,
0.021,
-0.005,
-0.035,
-0.003,
0.025,
0.133,
-0.052,
0.095,
-0.023,
0.045,
-0.016,
-0.105,
0.007,
-0.035,
-0.015,
0.060,
0.048,
0.063,
0.088,
0.048,
0.078,
-0.083,
-0.167,
-0.004,
0.039,
0.051,
-0.019,
0.074,
-0.060,
0.060,
0.023,
0.013,
0.112,
-0.026,
-0.081,
-0.066,
0.021,
0.043,
0.014,
-0.015,
-0.069,
0.057,
-0.035,
-0.089,
0.078,
0.045,
0.074,
0.036,
0.082,
-0.050,
-0.059,
-0.040,
0.026,
-0.042,
-0.016,
0.100,
0.025,
0.062,
0.090,
-0.145,
0.061,
-0.175,
0.034,
0.049,
0.049,
-0.021,
0.077,
0.045,
-0.009,
0.072,
0.070,
-0.054,
-0.227,
0.067,
0.001,
-0.033,
-0.054,
-0.022,
0.112,
0.035,
-0.051,
-0.068,
-0.067,
0.122,
-0.064,
0.041,
-0.029,
0.047,
0.109,
0.142,
-0.044,
0.078,
0.013,
0.117,
-0.011,
-0.064,
-0.016,
-0.086,
-0.013,
0.088,
0.137,
0.027,
-0.067,
-0.054,
-0.022,
0.048,
-0.011,
0.073,
-0.012,
0.192,
-0.044,
0.050,
-0.055,
0.095,
-0.022,
-0.091,
-0.061,
-0.033,
0.027,
0.211,
-0.087,
0.058,
0.028,
0.067,
-0.024,
0.007,
0.039,
-0.121,
0.117,
0.068,
0.064,
0.055,
-0.088,
-0.035,
0.111,
-0.070,
-0.081,
0.095,
-0.118,
0.028,
0.015,
0.042,
0.022,
0.029,
0.124,
0.092,
-0.053,
0.011,
-0.078,
0.065,
0.021,
0.007,
0.013,
-0.010,
0.008,
0.014,
-0.192,
-0.032,
-0.031,
0.032,
0.050,
-0.016,
-0.117,
0.125,
-0.050,
-0.068,
-0.061,
-0.002,
-0.013,
0.070,
0.016,
-0.077,
-0.038,
-0.037,
-0.040,
0.047,
0.028,
0.073,
-0.091,
-0.007,
-0.011,
-0.024,
-0.014,
0.084,
-0.006,
-0.100,
-0.068,
-0.037,
0.040,
-0.006,
0.114,
0.074,
-0.047,
-0.004,
0.112,
-0.069,
-0.054,
0.049,
0.081,
-0.023,
-0.120,
0.109,
-0.139,
0.131,
0.120,
-0.121,
-0.072,
0.073,
-0.053,
0.064,
-0.028,
-0.054,
0.096,
-0.020,
0.007,
0.012,
-0.016,
0.037,
0.103,
-0.039,
0.019,
0.006,
0.052,
0.007,
0.007,
0.029,
-0.045,
0.044,
0.023,
0.007,
-0.111,
0.041,
-0.032,
-0.023,
0.028,
-0.075,
-0.066,
-0.079,
-0.101,
-0.095,
0.055,
-0.079,
-0.050,
0.112,
0.041,
-0.007,
-0.107,
0.119,
-0.054,
0.067,
-0.030,
0.003,
-0.086,
-0.041,
-0.038,
-0.011,
-0.060,
0.116,
0.046,
0.018,
0.017,
0.016,
-0.072,
0.040,
0.050,
-0.077,
0.054,
-0.060,
-0.025,
-0.022,
0.081,
0.013,
0.072,
-0.061,
-0.016,
0.087,
-0.050,
0.022,
0.005,
0.088,
-0.013,
-0.009,
0.013,
-0.180,
0.028,
0.066,
-0.044,
0.034,
0.016,
0.093,
-0.060,
-0.037,
0.003,
0.089,
0.076,
-0.072,
0.038,
-0.066,
0.062,
-0.007,
-0.022,
0.053,
-0.044,
-0.039,
0.001,
0.000,
0.015,
-0.036,
0.043,
-0.029,
-0.075,
0.009,
0.140,
-0.105,
0.059,
-0.112,
-0.096,
0.072,
0.022,
-0.008,
0.047,
-0.037,
0.091,
-0.119,
0.075,
0.147,
0.027,
-0.022,
-0.023,
0.039,
0.038,
0.018,
0.024,
0.000,
0.025,
0.064,
-0.119,
-0.071,
-0.032,
0.035,
-0.087,
-0.044,
-0.028,
-0.022,
0.030,
0.176,
-0.002,
0.051,
-0.031,
0.040,
-0.089,
0.028,
-0.043,
0.083,
0.056,
0.075,
-0.012,
0.045,
0.029,
0.046,
-0.011,
-0.078,
-0.026,
0.020,
-0.079,
-0.021,
-0.082,
-0.101,
0.101,
0.103,
0.040,
-0.101,
0.004,
0.047,
-0.035,
0.030,
-0.044,
-0.053,
0.081,
0.045,
-0.101,
-0.002,
-0.043,
0.072,
0.153,
-0.023,
-0.063,
0.009,
0.040,
0.015,
0.109,
-0.067,
-0.164,
-0.090,
-0.089,
0.032,
-0.005,
-0.127,
-0.104,
0.037,
-0.025,
0.035,
-0.128,
-0.096,
0.089,
0.102,
-0.047,
0.003,
0.081,
0.046,
-0.044,
0.031,
0.019,
0.023,
-0.027,
0.183,
-0.031,
0.007,
0.140,
0.104,
-0.029,
0.009,
-0.118,
0.051,
-0.023,
0.073,
-0.050,
-0.059,
0.027,
-0.219,
-0.106,
0.053,
0.006,
0.026,
0.017,
0.005,
0.145,
-0.056,
0.018,
-0.026,
0.051,
0.007,
-0.004,
-0.045,
0.048,
-0.091,
-0.108,
0.008,
-0.073,
-0.085,
0.014,
-0.061,
0.131,
0.022,
-0.123,
0.077,
-0.072,
0.006,
0.060,
-0.007,
-0.022,
-0.027,
0.050,
-0.076,
-0.069,
-0.033,
-0.131,
-0.089,
0.043,
0.021,
0.099,
0.065,
-0.021,
-0.023,
-0.105,
-0.093,
0.083,
0.102,
0.012,
0.043,
0.021,
-0.044,
-0.107,
-0.099,
-0.133,
-0.064,
0.166,
0.000,
0.018,
0.037,
0.003,
-0.049,
-0.012,
-0.036,
-0.134,
-0.030,
0.108,
-0.062,
-0.092,
0.009,
-0.040,
0.019,
0.052,
-0.004,
0.152,
0.062,
-0.155,
-0.006,
-0.015,
0.064,
0.098,
0.101,
-0.059,
-0.005,
-0.071,
0.017,
-0.034,
0.005,
-0.094,
0.012,
-0.034,
-0.029,
0.046,
0.040,
-0.099,
0.051,
0.015,
-0.041,
-0.108,
0.055,
-0.030,
-0.084,
-0.051,
0.001,
0.035,
0.095,
0.034,
-0.115,
0.078,
-0.125,
0.015,
-0.028,
-0.012,
0.057,
-0.048,
-0.071,
-0.004,
0.111,
0.072,
0.005,
0.018,
-0.067,
0.055,
-0.019,
-0.112,
0.098,
0.128,
0.049,
-0.121,
0.020,
0.067,
0.113,
0.013,
-0.067,
-0.005,
-0.055,
-0.007,
0.114,
-0.053,
0.032,
-0.130,
0.006,
0.076,
0.014,
0.021,
0.149,
0.046,
0.002,
0.044,
-0.060,
0.121,
0.062,
0.023,
0.084,
-0.107,
-0.083,
-0.042,
-0.041,
0.004,
0.028,
0.003,
0.063,
0.130,
-0.011,
-0.007,
0.016,
0.014,
0.064,
0.012,
-0.013,
0.007,
0.101,
-0.016,
0.010,
0.151,
-0.095,
0.092,
-0.017,
-0.016,
0.037,
-0.029,
0.005,
-0.018,
-0.052,
-0.062,
0.037,
0.012,
-0.078,
0.212,
0.012,
0.083,
0.056,
0.121,
-0.098,
-0.054,
-0.096,
-0.053,
0.046,
0.055,
-0.069,
0.058,
-0.003,
0.082,
0.031,
-0.021,
0.008,
0.033,
0.083,
0.134,
-0.009,
-0.074,
-0.044,
-0.003,
-0.014,
0.000,
0.040,
-0.055,
0.106,
0.051,
0.048,
0.079,
0.001,
-0.008,
-0.076,
-0.077,
0.017,
0.044,
0.051,
-0.092,
-0.097,
-0.142,
-0.002,
0.049,
0.038,
-0.014,
-0.052,
0.042,
0.042,
-0.075,
-0.049,
-0.069,
0.032,
-0.140,
0.079,
0.042,
0.002,
0.110,
-0.032,
-0.112,
0.140,
0.072,
-0.095,
0.017,
0.011,
-0.019,
-0.057,
-0.128,
-0.017,
0.020,
-0.045,
-0.013,
-0.083,
0.116,
0.065,
0.034,
0.089,
0.021,
0.102,
0.007,
0.039,
-0.103,
0.039,
0.015,
0.080,
0.060,
0.073,
-0.021,
0.024,
-0.038,
-0.016,
-0.122,
0.041,
-0.048,
-0.003,
-0.114,
0.062,
-0.026,
-0.086,
0.026,
0.070,
0.063,
-0.053,
0.012,
-0.103,
0.000,
-0.063,
-0.001,
0.020,
0.025,
0.045,
0.079,
0.042,
0.072,
0.011,
-0.085,
0.060,
-0.069,
-0.033,
-0.102,
-0.075,
-0.093,
0.034,
0.069,
-0.077,
0.075,
0.003,
-0.063,
0.060,
-0.024,
-0.028,
0.019,
-0.113,
-0.071,
-0.031,
-0.127,
-0.044,
0.061,
-0.084,
0.063,
-0.098,
-0.025,
-0.096,
0.012,
-0.141,
-0.053,
0.017,
-0.040,
0.065,
0.020,
0.063,
0.052,
0.048,
-0.199,
-0.023,
-0.089,
0.084,
0.034,
-0.047,
0.037,
0.151,
0.068,
-0.075,
-0.007,
-0.009,
0.062,
-0.010,
-0.013,
-0.077,
-0.060,
-0.093,
-0.119,
0.024,
0.086,
0.042,
-0.013,
0.017,
0.082,
0.041,
0.045,
-0.022,
0.005,
0.002,
0.029,
0.001,
0.074,
0.132,
-0.044,
-0.056,
-0.063,
0.021,
-0.030,
-0.028,
-0.033,
-0.039,
-0.043,
0.024,
0.055,
-0.051,
-0.037,
-0.102,
0.071,
0.030,
0.028,
-0.073,
-0.103,
-0.043,
-0.019,
-0.087,
-0.054,
0.074,
-0.072,
-0.116,
0.035,
-0.022,
-0.001,
-0.043,
-0.049,
0.092,
0.002,
-0.069,
-0.007,
-0.099,
-0.116,
-0.055,
0.063,
0.071,
0.062,
-0.010,
-0.035,
0.073,
0.065,
-0.133,
0.021,
0.007,
-0.074,
0.016,
-0.022,
0.009,
-0.003,
0.034,
0.028,
-0.064,
0.106,
-0.042,
-0.007,
0.090,
0.047,
-0.101,
-0.014,
-0.050,
0.075,
-0.012,
0.028,
0.034,
-0.150,
0.027,
-0.053,
-0.032,
-0.151,
0.013,
0.169,
0.078,
-0.199,
-0.001,
0.049,
-0.141,
-0.062,
0.031,
0.025,
0.091,
-0.039,
-0.083,
-0.099,
0.093,
0.047,
0.018,
0.140,
-0.089,
0.088,
-0.075,
-0.005,
0.050,
-0.066,
0.105,
-0.004,
0.074,
0.072,
-0.076,
-0.168,
-0.025,
0.140,
0.071,
-0.016,
-0.108,
0.068,
-0.013,
0.039,
0.100,
0.048,
0.060,
-0.018,
0.036,
0.072,
-0.047,
-0.056,
-0.089,
0.007,
-0.015,
0.027,
0.084,
-0.136,
0.017,
-0.171,
0.039,
-0.011,
0.099,
0.040,
-0.043,
0.048,
0.022,
-0.023,
0.046,
-0.007,
-0.038,
-0.029,
0.125,
-0.009,
-0.144,
0.130,
-0.059,
-0.104,
-0.049,
0.075,
-0.070,
0.064,
0.060,
-0.041,
0.043,
-0.004,
-0.063,
-0.037,
-0.148,
0.048,
-0.041,
-0.027,
-0.021,
-0.009,
-0.051,
-0.174,
-0.093,
0.088,
0.072,
0.003,
0.117,
-0.072,
-0.023,
0.117,
0.039,
-0.052,
0.023,
-0.010,
0.053,
-0.113,
0.033,
0.040,
0.086,
-0.051,
-0.037,
0.023,
-0.025,
-0.116,
0.007,
0.106,
-0.147,
0.089,
0.070,
0.011,
0.016,
-0.099,
0.057,
0.120,
-0.030,
-0.103,
-0.083,
-0.116,
-0.073,
-0.001,
-0.077,
-0.007,
0.122,
-0.052,
-0.110,
-0.008,
-0.006,
-0.057,
0.051,
-0.072,
0.006,
0.016,
-0.005,
0.020,
-0.018,
0.063,
0.039,
0.015,
-0.057,
-0.061,
-0.016,
0.088,
0.000,
0.025,
0.037,
-0.081,
-0.087,
0.010,
0.020,
-0.061,
0.046,
0.023,
0.056,
-0.002,
0.057,
0.039,
-0.030,
-0.004,
-0.023,
-0.006,
0.030,
0.095,
0.081,
0.005,
0.011,
-0.029,
0.027,
0.055,
-0.029,
0.099,
-0.073,
0.008,
0.052,
-0.060,
0.026,
-0.088,
0.072,
0.112,
-0.130,
-0.128,
-0.056,
-0.116,
0.145,
0.031,
0.063,
-0.056,
0.037,
-0.061,
-0.142,
0.058,
0.029,
0.066,
0.010,
0.048,
-0.002,
0.104,
-0.022,
0.083,
0.046,
-0.013,
0.087,
-0.059,
0.095,
0.040,
0.037,
-0.037,
-0.083,
0.032,
-0.119,
0.046,
0.048,
0.017,
-0.112,
0.017,
-0.143,
0.039,
-0.040,
-0.057,
-0.027,
0.085,
0.038,
0.022,
0.004,
-0.068,
0.019,
-0.023,
-0.073,
-0.073,
0.052,
-0.018,
-0.068,
-0.038,
-0.037,
0.030,
-0.056,
-0.092,
-0.072,
0.058,
0.143,
-0.123,
0.102,
0.026,
0.069,
-0.021,
-0.033,
0.053,
0.060,
-0.005,
-0.005,
-0.144,
0.009,
-0.087,
0.054,
0.001,
-0.090,
0.032,
-0.042,
-0.021,
-0.123,
0.100,
0.107,
-0.053,
0.000,
0.030,
-0.099,
-0.109,
-0.069,
-0.114,
-0.072,
0.036,
-0.040,
0.037,
0.039,
0.047,
0.004,
0.019,
0.052,
0.028,
0.005,
0.032,
-0.009,
0.062,
-0.015,
0.013,
-0.119,
0.064,
0.020,
0.055,
-0.154,
-0.003,
0.005,
-0.012,
0.007,
0.074,
0.046,
0.029,
0.042,
0.025,
-0.165,
-0.002,
0.001,
-0.067,
-0.058,
0.046,
0.119,
0.096,
-0.003,
-0.047,
-0.037,
0.072,
-0.164,
0.098,
-0.033,
0.041,
-0.041,
-0.046,
0.031,
0.128,
0.031,
0.065,
0.102,
0.095,
0.068,
0.023,
0.006,
-0.011,
0.065,
0.001,
-0.081,
0.070,
-0.089,
-0.112,
-0.006,
0.056,
-0.013,
0.024,
0.045,
0.016,
0.098,
0.054,
0.102,
-0.072,
-0.009,
0.019,
-0.039,
0.063,
-0.056,
0.094,
-0.056,
0.075,
-0.122,
0.058,
0.020,
0.085,
0.044,
-0.061,
-0.118,
-0.091,
0.130,
-0.001,
0.013,
0.076,
-0.065,
0.009,
-0.111,
-0.015,
0.059,
0.071,
0.020,
0.029,
0.080,
-0.121,
-0.015,
0.051,
0.101,
0.027,
0.008,
0.033,
-0.006,
0.135,
0.041,
-0.006,
-0.104,
0.053,
0.022,
0.071,
-0.005,
0.059,
-0.059,
0.024,
-0.034,
-0.014,
-0.060,
-0.045,
0.109,
0.000,
0.086,
-0.125,
-0.003,
-0.039,
-0.080,
-0.072,
0.064,
-0.104,
0.051,
0.036,
-0.007,
0.124,
-0.077,
0.158,
0.067,
-0.040,
-0.054,
0.047,
0.029,
-0.056,
0.116,
-0.057,
0.064,
-0.022,
0.004,
-0.147,
0.076,
-0.030,
-0.022,
-0.053,
0.091,
-0.011,
0.022,
-0.001,
0.005,
-0.023,
-0.089,
0.015,
0.003,
-0.005,
0.109,
-0.130,
-0.029,
-0.112,
0.096,
0.018,
0.091,
0.065,
-0.054,
-0.103,
0.063,
-0.014,
0.073,
-0.064,
-0.101,
-0.047,
-0.011,
0.144,
0.089,
0.001,
0.092,
0.056,
0.006,
0.021,
-0.026,
-0.006,
-0.094,
0.007,
-0.003,
-0.005,
-0.008,
0.080,
-0.122,
-0.013,
0.085,
-0.006,
-0.085,
0.028,
-0.042,
0.148,
-0.042,
0.053,
0.067,
0.152,
-0.010,
0.030,
0.052,
-0.025,
-0.026,
0.024,
-0.151,
-0.002,
-0.019,
0.018,
0.163,
0.050,
-0.062,
-0.041,
0.060,
0.128,
-0.055,
0.080,
-0.029,
0.025,
-0.003,
0.044,
-0.016,
0.052,
-0.011,
-0.031,
-0.001,
-0.078,
0.062,
-0.021,
0.001,
0.035,
-0.116,
-0.057,
0.047,
-0.030,
-0.010,
0.000,
-0.077,
-0.036,
-0.038,
-0.096,
0.069,
0.124,
0.035,
-0.108,
0.016,
0.024,
0.068,
-0.024,
-0.023,
-0.001,
-0.039,
0.107,
0.090,
-0.072,
-0.133,
-0.019,
0.024,
0.060,
0.001,
0.015,
-0.089,
0.067,
-0.160,
-0.079,
-0.002,
0.009,
-0.032,
-0.017,
0.098,
-0.109,
0.001,
-0.102,
0.031,
0.002,
-0.134,
-0.014,
0.074,
0.032,
-0.027,
0.011,
0.037,
0.060,
0.110,
0.145,
-0.088,
0.052,
0.031,
0.074,
0.042,
0.075,
0.028,
-0.035,
0.054,
0.009,
-0.047,
0.019,
-0.113,
0.033,
-0.051,
-0.062,
0.038,
0.020,
-0.015,
-0.054,
-0.182,
-0.037,
-0.005,
0.047,
-0.117,
0.096,
-0.022,
0.125,
0.103,
0.008,
-0.032,
-0.068,
0.035,
0.075,
0.000,
0.110,
0.035,
0.009,
-0.060,
-0.017,
0.058,
0.076,
0.049,
0.107,
-0.195,
-0.002,
-0.095,
-0.008,
-0.005,
-0.097,
0.262,
0.052,
-0.093,
0.128,
-0.011,
0.057,
-0.050,
0.068,
0.025,
-0.021,
0.030,
0.057,
0.029,
0.014,
-0.045,
0.025,
0.044,
-0.093,
-0.016,
0.099,
0.010,
0.075,
-0.003,
-0.074,
0.000,
0.033,
0.015,
0.040,
-0.052,
-0.048,
-0.071,
0.043,
-0.002,
0.021,
0.032,
0.049,
-0.033,
0.065,
-0.022,
-0.038,
0.060,
-0.074,
0.014,
0.003,
-0.038,
-0.126,
0.098,
-0.046,
0.005,
-0.008,
-0.066,
0.006,
-0.001,
0.029,
-0.112,
0.001,
-0.036,
-0.038,
-0.051,
-0.010,
0.069,
0.073,
0.133,
0.025,
-0.004,
-0.039,
-0.025,
-0.013,
-0.035,
-0.087,
-0.047,
0.035,
-0.006,
-0.026,
0.048,
-0.006,
0.040,
-0.097,
0.041,
0.007,
0.088,
-0.042,
0.012,
-0.075,
-0.066,
-0.035,
-0.019,
-0.096,
0.102,
-0.083,
0.022,
0.009,
-0.009,
-0.113,
0.110,
-0.052,
0.170,
-0.037,
0.050,
0.056,
0.077,
-0.054,
-0.041,
-0.018,
0.057,
-0.074,
0.063,
0.038,
-0.031,
-0.017,
-0.098,
-0.022,
-0.042,
-0.118,
-0.085,
-0.089,
-0.038,
-0.067,
0.140,
-0.020,
-0.057,
0.003,
-0.023,
0.082,
-0.060,
0.057,
-0.017,
0.074,
0.100,
-0.065,
-0.080,
0.001,
0.024,
-0.031,
0.000,
0.045,
0.160,
-0.075,
0.025,
-0.026,
0.018,
0.115,
0.075,
0.022,
0.050,
-0.079,
0.033,
0.080,
-0.089,
0.001,
0.011,
0.073,
-0.046,
-0.097,
-0.100,
-0.124,
0.041,
-0.006,
-0.009,
-0.068,
-0.011,
0.098,
0.052,
-0.016,
0.097,
-0.046,
-0.063,
0.015,
0.027,
0.120,
-0.070,
-0.063,
0.037,
0.032,
0.062,
0.043,
0.075,
0.003,
0.043,
-0.041,
0.173,
-0.002,
0.043,
-0.013,
0.052,
-0.067,
0.030,
-0.016,
0.096,
-0.006,
-0.039,
0.146,
0.029,
-0.190,
-0.004,
-0.008,
0.040,
0.060,
0.044,
-0.008,
0.117,
-0.058,
-0.099,
0.066,
-0.036,
-0.044,
0.033,
-0.033,
0.003,
-0.025,
0.014,
0.152,
0.029,
0.040,
0.016,
0.059,
0.037,
0.068,
-0.057,
0.009,
0.038,
-0.028,
-0.067,
0.099,
0.076,
-0.016,
0.067,
0.053,
-0.048,
0.022,
0.037,
-0.166,
-0.022,
-0.002,
-0.098,
-0.052,
0.107,
-0.037,
-0.046,
-0.119,
0.021,
-0.049,
0.008,
0.040,
0.033,
-0.032,
-0.025,
-0.065,
0.054,
0.015,
-0.074,
-0.026,
-0.021,
0.054,
-0.045,
-0.022,
0.034,
-0.008,
-0.007,
-0.086,
-0.133,
0.076,
0.142,
-0.116,
0.038,
0.086,
-0.003,
-0.137,
0.082,
-0.001,
-0.007,
-0.004,
0.018,
0.049,
0.084,
-0.086,
0.085,
-0.041,
-0.071,
0.105,
0.034,
0.091,
0.021,
0.038,
-0.010,
0.021,
-0.018,
0.065,
-0.090,
-0.036,
-0.042,
-0.006,
0.028,
0.010,
-0.039,
0.085,
-0.026,
-0.194,
-0.007,
0.076,
-0.050,
0.048,
-0.042,
-0.066,
0.024,
0.080,
-0.044,
-0.067,
0.085,
-0.049,
0.033,
0.088,
0.093,
-0.053,
0.076,
-0.080,
-0.030,
0.037,
0.065,
0.030,
0.069,
-0.055,
-0.087,
0.104,
0.014,
0.047,
-0.007,
0.085,
0.018,
0.070,
-0.045,
-0.016,
-0.008,
0.037,
-0.092,
-0.019,
-0.174,
0.005,
0.016,
0.044,
0.110,
-0.002,
-0.042,
-0.016,
0.073,
0.037,
-0.025,
0.005,
-0.017,
-0.055,
0.054,
-0.026,
0.043,
0.003,
-0.017,
-0.014,
0.059,
0.010,
-0.102,
0.050,
-0.138,
0.178,
-0.015,
0.134,
0.060,
-0.068,
-0.018,
-0.003,
-0.016,
0.038,
0.027,
0.069,
0.063,
-0.041,
-0.027,
0.114,
-0.083,
-0.022,
0.074,
-0.139,
0.081,
0.098,
-0.048,
-0.073,
-0.012,
0.124,
-0.056,
0.075,
-0.126,
-0.043,
0.032,
0.009,
0.032,
0.101,
-0.023,
-0.129,
-0.008,
-0.003,
-0.019,
-0.029,
-0.018,
-0.036,
0.032,
-0.020,
-0.116,
0.013,
-0.004,
0.085,
0.019,
-0.057,
0.056,
-0.012,
-0.059,
0.091,
0.096,
0.002,
0.026,
0.084,
0.053,
0.012,
0.034,
-0.011,
0.007,
-0.131,
0.035,
-0.108,
0.027,
0.014,
-0.139,
-0.019,
0.129,
0.121,
0.003,
-0.117,
0.016,
-0.094,
-0.004,
-0.068,
0.000,
0.078,
-0.021,
0.134,
-0.105,
0.073,
0.041,
-0.033,
0.011,
0.069,
-0.050,
-0.064,
0.037,
0.035,
0.129,
0.023,
-0.018,
0.036,
-0.112,
0.097,
0.105,
-0.009,
-0.041,
0.045,
0.015,
-0.092,
-0.066,
0.056,
-0.091,
0.028,
0.055,
0.045,
0.006,
-0.007,
0.052,
0.016,
-0.027,
0.077,
-0.061,
0.011,
0.005,
0.008,
0.026,
0.109,
-0.043,
-0.037,
0.020,
-0.035,
-0.005,
-0.037,
-0.062,
0.052,
-0.062,
-0.144,
0.093,
-0.065,
0.076,
0.091,
0.035,
0.090,
0.044,
0.111,
-0.003,
-0.002,
-0.035,
0.065,
0.036,
0.037,
0.054,
-0.012,
0.039,
0.057,
0.096,
-0.047,
-0.004,
-0.061,
0.111,
-0.001,
0.003,
-0.030,
-0.011,
-0.065,
-0.059,
-0.087,
0.173,
-0.010,
-0.109,
-0.025,
0.053,
0.065,
-0.042,
0.019,
0.031,
0.046,
-0.047,
0.047,
-0.128,
-0.109,
0.038,
-0.061,
0.027,
-0.128,
-0.089,
-0.088,
-0.134,
0.038,
-0.055,
0.014,
0.008,
0.109,
0.035,
-0.024,
0.036,
-0.004,
0.002,
-0.125,
0.007,
-0.098,
0.023,
-0.008,
-0.065,
0.061,
-0.045,
0.097,
0.057,
-0.061,
0.003,
0.204,
0.024,
0.179,
0.057,
0.006,
-0.090,
0.043,
0.028,
0.052,
0.029,
-0.100,
0.067,
-0.051,
-0.091,
-0.123,
0.004,
-0.029,
-0.068,
-0.022,
0.029,
-0.143,
-0.030,
0.059,
0.025,
-0.016,
0.070,
0.051,
-0.109,
-0.059,
0.070,
-0.041,
-0.083,
-0.092,
-0.041,
0.038,
-0.026,
-0.132,
0.051,
0.055,
0.093,
0.036,
0.037,
-0.003,
-0.027,
0.116,
-0.136,
0.112,
0.016,
-0.016,
-0.085,
-0.086,
0.035,
-0.009,
-0.046,
0.021,
0.009,
0.015,
0.063,
0.014,
0.127,
0.048,
-0.013,
-0.002,
0.049,
-0.024,
0.114,
0.081,
0.048,
-0.096,
-0.018,
0.001,
0.021,
-0.064,
0.067,
-0.028,
0.023,
0.029,
0.065,
-0.125,
-0.084,
-0.012,
0.030,
0.091,
-0.038,
-0.005,
0.062,
0.170,
-0.097,
0.026,
0.036,
-0.060,
0.031,
-0.064,
0.017,
-0.004,
0.039,
-0.005,
0.002,
0.009,
-0.061,
-0.047,
0.122,
0.098,
0.010,
-0.009,
0.090,
0.044,
0.015,
0.015,
-0.009,
-0.077,
-0.026,
0.082,
0.041,
-0.009,
-0.034,
-0.026,
-0.109,
-0.137,
0.007,
0.036,
-0.095,
-0.137,
0.054,
-0.043,
-0.027,
0.046,
0.039,
0.183,
0.079,
-0.086,
0.041,
0.047,
0.038,
-0.151,
0.044,
-0.097,
-0.047,
-0.159,
0.125,
-0.029,
0.115,
-0.160,
-0.073,
-0.136,
-0.081,
-0.027,
0.008,
0.095,
-0.012,
0.032,
-0.004,
0.037,
0.043,
-0.011,
0.012,
0.013,
0.063,
0.022,
-0.096,
0.039,
0.006,
0.088,
0.004,
0.007,
-0.003,
-0.028,
-0.086,
0.090,
0.089,
0.186,
0.038,
-0.007,
-0.007,
0.014,
0.060,
0.004,
-0.040,
0.162,
-0.039,
-0.029,
0.086,
0.075,
0.045,
0.039,
-0.152,
-0.009,
-0.043,
-0.097,
0.053,
0.008,
0.002,
-0.114,
-0.047,
-0.044,
0.065,
-0.098,
-0.098,
-0.111,
0.055,
0.003,
0.174,
-0.026,
-0.066,
-0.178,
0.070,
-0.068,
0.004,
-0.106,
-0.072,
-0.003,
-0.172,
-0.164,
-0.063,
-0.040,
-0.089,
-0.060,
-0.054,
-0.053,
-0.014,
0.043,
-0.012,
0.074,
-0.106,
-0.120,
0.085,
-0.191,
-0.046,
0.010,
-0.139,
0.017,
0.073,
0.067,
0.023,
-0.027,
-0.032,
-0.018,
-0.014,
0.006,
-0.067,
0.102,
0.019,
-0.030,
-0.095,
-0.001,
0.018,
0.128,
-0.048,
0.032,
-0.011,
0.094,
0.048,
0.077,
-0.010,
-0.071,
0.137,
0.153,
-0.186,
0.053,
-0.004,
0.112,
0.011,
-0.122,
-0.058,
0.020,
0.078,
0.032,
0.093,
0.045,
0.013,
0.117,
0.012,
0.078,
0.100,
-0.081,
0.111,
-0.053,
-0.015,
-0.054,
-0.024,
0.006,
0.018,
-0.108,
-0.086,
0.086,
0.011,
-0.129,
-0.021,
0.095,
0.010,
0.092,
-0.037,
-0.083,
0.103,
0.038,
-0.096,
0.082,
-0.074,
0.048,
0.046,
0.092,
-0.011,
0.043,
0.011,
0.047,
-0.105,
0.016,
-0.135,
0.029,
0.018,
0.027,
-0.066,
-0.051,
-0.116,
-0.071,
0.048,
0.041,
-0.001,
-0.065,
-0.010,
-0.045,
-0.013,
0.122,
-0.006,
-0.067,
0.117,
-0.072,
-0.052,
-0.087,
-0.105,
-0.160,
-0.022,
-0.006,
0.019,
0.050,
0.070,
0.053,
-0.072,
-0.052,
0.084,
0.029,
0.110,
-0.040,
-0.025,
-0.011,
-0.080,
0.034,
0.050,
0.003,
0.016,
-0.044,
-0.027,
0.022,
-0.053,
-0.054,
-0.014,
-0.025,
-0.045,
-0.081,
0.016,
0.061,
0.107,
-0.017,
-0.069,
0.107,
0.116,
0.022,
0.080,
0.161,
-0.101,
-0.057,
0.076,
-0.033,
0.035,
-0.067,
-0.102,
-0.006,
0.122,
0.108,
0.080,
-0.111,
-0.009,
0.095,
-0.008,
0.026,
0.013,
-0.066,
0.103,
-0.063,
-0.057,
0.089,
-0.020,
-0.026,
0.005,
-0.009,
-0.027,
0.017,
-0.039,
0.035,
0.043,
0.003,
-0.032,
-0.075,
0.006,
0.110,
0.035,
-0.055,
-0.079,
0.005,
0.057,
-0.021,
0.029,
0.009,
0.048,
0.132,
-0.164,
-0.040,
-0.038,
0.000,
0.022,
-0.053,
0.008,
-0.006,
0.017,
-0.041,
-0.008,
0.022,
0.037,
-0.020,
0.040,
-0.028,
0.005,
0.081,
-0.083,
0.017,
0.014,
-0.084,
0.015,
0.076,
-0.033,
-0.024,
-0.022,
-0.089,
-0.004,
-0.054,
0.066,
-0.018,
0.085,
0.013,
0.075,
-0.043,
0.008,
0.016,
0.018,
0.004,
0.143,
0.072,
0.053,
-0.096,
-0.079,
0.050,
0.099,
-0.053,
-0.018,
0.033,
-0.084,
0.081,
-0.113,
0.047,
-0.053,
0.008,
-0.017,
-0.083,
-0.005,
-0.111,
0.058,
-0.007,
-0.051,
-0.047,
0.052,
-0.117,
-0.021,
0.018,
-0.081,
0.060,
0.041,
-0.011,
0.043,
0.095,
0.022,
0.009,
0.151,
0.048,
0.016,
-0.011,
-0.065,
-0.033,
-0.020,
-0.070,
0.134,
0.068,
0.088,
-0.006,
0.047,
0.054,
-0.145,
-0.016,
-0.036,
-0.017,
-0.154,
0.063,
0.011,
0.038,
0.023,
0.057,
-0.040,
0.016,
0.014,
-0.019,
-0.163,
-0.015,
0.066,
-0.114,
-0.160,
-0.044,
0.056,
-0.022,
0.023,
-0.112,
-0.077,
-0.050,
0.070,
-0.158,
0.072,
0.028,
0.003,
0.037,
-0.030,
-0.007,
-0.004,
0.019,
-0.041,
0.001,
-0.110,
-0.110,
0.006,
-0.066,
0.031,
0.112,
-0.100,
0.026,
0.052,
0.102,
0.089,
-0.045,
0.095,
0.046,
-0.026,
-0.057,
-0.002,
0.056,
-0.029,
0.115,
-0.028,
-0.135,
0.015,
0.072,
0.007,
-0.045,
0.007,
-0.055,
-0.043,
0.048,
-0.111,
-0.026,
0.062,
-0.152,
-0.070,
-0.001,
-0.043,
-0.074,
-0.096,
-0.064,
-0.035,
0.001,
0.044,
0.026,
0.021,
0.045,
-0.023,
-0.009,
0.091,
0.090,
-0.064,
0.056,
0.036,
-0.041,
0.059,
-0.080,
0.060,
0.137,
-0.051,
-0.093,
0.030,
-0.021,
-0.007,
-0.086,
0.001,
-0.032,
0.075,
0.130,
0.056,
-0.126,
0.202,
-0.034,
-0.040,
-0.014,
-0.087,
0.016,
-0.054,
0.003,
0.068,
0.024,
0.015,
-0.060,
-0.037,
0.010,
0.080,
0.173,
-0.043,
0.029,
0.043,
-0.048,
0.111,
-0.112,
-0.055,
0.136,
-0.002,
-0.072,
-0.041,
0.153,
0.074,
0.093,
0.003,
0.099,
0.041,
-0.102,
0.078,
-0.011,
0.120,
-0.016,
-0.066,
0.054,
0.018,
0.094,
0.101,
0.028,
-0.028,
0.122,
0.013,
0.049,
0.010,
-0.029,
-0.083,
-0.014,
-0.020,
0.070,
0.085,
-0.043,
-0.043,
-0.066,
-0.037,
0.036,
-0.015,
0.064,
0.133,
0.179,
0.036,
-0.036,
0.049,
0.048,
0.082,
-0.062,
-0.133,
-0.006,
0.054,
0.062,
0.011,
0.035,
-0.120,
0.002,
-0.052,
-0.051,
-0.064,
0.006,
-0.104,
0.075,
-0.048,
-0.062,
-0.063,
-0.013,
0.011,
0.028,
-0.023,
-0.049,
0.008,
0.090,
0.066,
-0.032,
0.049,
0.030,
-0.062,
0.032,
-0.142,
-0.026,
-0.020,
-0.005,
-0.057,
0.033,
-0.061,
0.023,
-0.001,
-0.018,
-0.020,
0.086,
-0.009,
0.033,
0.076,
-0.091,
-0.043,
-0.045,
0.024,
0.114,
0.085,
0.047,
0.042,
0.011,
0.038,
-0.138,
-0.070,
-0.067,
-0.074,
0.081,
-0.097,
-0.067,
-0.047,
-0.088,
0.010,
-0.024,
-0.039,
-0.021,
0.087,
0.022,
0.036,
0.016,
0.075,
-0.090,
0.058,
-0.032,
0.055,
0.071,
-0.048,
-0.042,
0.019,
-0.008,
0.032,
0.008,
-0.061,
-0.030,
0.007,
-0.033,
0.056,
-0.110,
0.003,
-0.056,
0.011,
-0.031,
-0.024,
-0.011,
-0.021,
0.008,
-0.047,
0.087,
0.091,
0.027,
-0.023,
-0.075,
0.051,
0.107,
0.049,
0.062,
0.098,
0.022,
0.000,
0.036,
-0.039,
-0.112,
0.033,
-0.069,
0.068,
-0.094,
-0.059,
0.032,
-0.123,
-0.004,
-0.043,
-0.057,
0.071,
0.037,
-0.030,
-0.226,
-0.090,
-0.105,
0.014,
0.007,
-0.064,
-0.003,
-0.045,
0.027,
-0.035,
0.073,
0.035,
0.125,
0.050,
0.029,
0.005,
0.103,
-0.053,
0.054,
-0.049,
0.114,
0.003,
-0.008,
-0.085,
0.002,
-0.034,
-0.039,
-0.056,
-0.072,
-0.037,
-0.028,
0.025,
0.010,
0.060,
0.121,
-0.009,
0.060,
-0.041,
-0.084,
0.069,
0.060,
-0.002,
-0.069,
0.013,
-0.026,
0.093,
-0.030,
0.017,
0.050,
-0.102,
0.028,
-0.040,
-0.040,
-0.008,
-0.076,
-0.023,
0.037,
0.052,
0.033,
0.043,
-0.025,
-0.029,
0.047,
0.052,
-0.010,
-0.028,
-0.060,
0.028,
-0.066,
-0.009,
-0.063,
-0.039,
0.117,
-0.079,
0.041,
-0.013,
-0.047,
-0.129,
0.032,
0.005,
0.016,
-0.005,
-0.017,
-0.020,
0.004,
0.017,
0.015,
0.077,
0.032,
-0.026,
0.096,
-0.041,
-0.049,
-0.055,
0.012,
0.016,
0.050,
0.098,
-0.119,
-0.030,
0.040,
0.018,
-0.139,
0.058,
0.090,
-0.015,
-0.113,
-0.031,
-0.037,
-0.169,
0.045,
-0.010,
-0.034,
-0.001,
0.026,
0.139,
0.001,
-0.005,
0.152,
0.141,
0.004,
-0.018,
-0.115,
-0.013,
0.095,
0.020,
0.079,
0.032,
0.038,
-0.001,
-0.031,
0.056,
0.027,
-0.092,
-0.009,
0.042,
-0.140,
0.047,
-0.068,
0.016,
-0.036,
0.024,
0.086,
0.039,
-0.008,
-0.048,
0.108,
-0.019,
-0.058,
0.031,
-0.008,
0.046,
-0.070,
0.078,
-0.041,
0.031,
0.060,
0.117,
-0.069,
-0.012,
0.040,
0.018,
-0.135,
0.053,
-0.118,
-0.079,
0.076,
0.015,
0.061,
0.050,
0.119,
-0.060,
0.021,
0.028,
-0.001,
-0.023,
-0.059,
0.105,
-0.045,
-0.048,
-0.014,
-0.067,
0.118,
-0.013,
-0.167,
-0.005,
0.045,
-0.049,
0.142,
0.040,
0.005,
0.072,
-0.044,
-0.151,
0.065,
-0.118,
-0.141,
0.023,
-0.038,
0.034,
-0.006,
0.019,
-0.069,
-0.243,
-0.004,
-0.033,
-0.055,
0.102,
0.027,
-0.128,
-0.064,
0.093,
-0.054,
-0.054,
-0.008,
0.151,
-0.017,
-0.031,
0.127,
-0.022,
0.034,
0.011,
-0.023,
0.026,
0.100,
-0.001,
0.008,
-0.146,
0.137,
0.077,
0.022,
-0.012,
-0.109,
0.025,
-0.072,
0.093,
-0.003,
0.006,
0.048,
0.070,
0.053,
-0.001,
0.037,
-0.095,
0.063,
0.120,
0.028,
-0.027,
-0.045,
-0.055,
0.022,
0.002,
-0.026,
-0.035,
-0.039,
0.038,
0.128,
0.052,
-0.081,
0.014,
0.028,
-0.076,
0.036,
0.075,
0.060,
-0.035,
-0.047,
-0.075,
0.107,
0.023,
0.013,
0.035,
0.087,
0.025,
0.000,
-0.015,
-0.026,
-0.011,
0.080,
-0.053,
-0.049,
-0.012,
0.053,
-0.086,
-0.032,
-0.041,
-0.099,
0.006,
-0.001,
-0.005,
0.062,
0.028,
-0.005,
0.021,
-0.063,
-0.059,
-0.034,
0.064,
0.109,
0.020,
-0.066,
0.098,
0.028,
-0.150,
0.118,
-0.005,
0.074,
-0.088,
-0.091,
0.032,
0.133,
-0.034,
-0.050,
-0.023,
0.009,
0.056,
-0.014,
0.065,
-0.125,
-0.052,
0.013,
0.009,
0.044,
-0.006,
0.003,
-0.002,
0.035,
-0.066,
0.106,
-0.002,
-0.046,
-0.017,
0.189,
0.018,
0.061,
0.020,
0.074,
-0.053,
0.031,
-0.007,
0.005,
-0.081,
0.022,
-0.037,
0.001,
0.090,
0.006,
0.085,
-0.025,
0.053,
0.014,
-0.091,
-0.042,
0.158,
0.076,
-0.066,
0.031,
-0.023,
0.043,
-0.012,
-0.086,
-0.045,
-0.050,
0.086,
-0.003,
-0.065,
-0.026,
0.038,
-0.126,
0.141,
0.024,
0.062,
-0.017,
0.039,
0.017,
-0.046,
-0.053,
-0.003,
-0.079,
0.038,
-0.003,
-0.073,
-0.023,
-0.074,
-0.102,
0.058,
-0.022,
-0.013,
0.030,
0.044,
-0.063,
0.126,
0.007,
0.023,
-0.063,
0.103,
-0.034,
-0.070,
0.150,
-0.122,
0.044,
0.019,
-0.017,
-0.174,
-0.021,
0.018,
0.080,
-0.007,
-0.121,
0.103,
-0.071,
0.054,
0.043,
-0.031,
-0.134,
0.004,
0.054,
0.015,
0.011,
0.070,
0.030,
0.091,
0.051,
-0.023,
0.035,
0.031,
0.011,
0.051,
0.002,
-0.025,
-0.180,
0.008,
0.070,
0.003,
-0.004,
-0.007,
0.030,
0.075,
-0.019,
0.157,
-0.119,
-0.040,
0.052,
-0.007,
-0.123,
-0.040,
-0.058,
-0.110,
0.046,
-0.131,
0.084,
0.056,
-0.109,
0.090,
-0.067,
0.089,
0.080,
-0.058,
0.003,
0.181,
-0.009,
-0.011,
0.002,
0.005,
-0.044,
0.072,
-0.019,
0.038,
0.064,
-0.101,
0.057,
0.025,
0.011,
0.054,
-0.001,
-0.080,
-0.032,
0.029,
0.137,
0.002,
-0.106,
-0.042,
0.107,
0.047,
-0.019,
-0.050,
0.094,
0.058,
-0.037,
0.039,
-0.055,
-0.062,
0.044,
0.002,
0.069,
-0.015,
-0.008,
0.014,
-0.105,
0.092,
-0.024,
0.076,
-0.032,
-0.113,
0.053,
-0.025,
-0.034,
0.073,
0.038,
-0.021,
-0.027,
0.072,
0.028,
0.011,
0.038,
0.015,
-0.003,
0.055,
0.021,
-0.013,
-0.125,
0.030,
-0.125,
-0.076,
-0.114,
0.038,
-0.162,
-0.021,
-0.019,
0.036,
-0.031,
-0.013,
-0.073,
0.094,
0.020,
0.135,
0.042,
0.080,
-0.015,
0.040,
0.195,
0.095,
0.116,
0.037,
0.128,
0.117,
0.023,
0.022,
0.061,
0.117,
0.072,
0.016,
-0.109,
0.185,
0.135,
-0.009,
-0.011,
0.023,
0.042,
-0.032,
0.045,
0.028,
0.134,
-0.073,
-0.014,
-0.086,
-0.014,
-0.016,
-0.047,
-0.035,
-0.013,
-0.047,
-0.042,
-0.017,
0.041,
-0.029,
-0.021,
0.112,
-0.003,
-0.024,
0.010,
-0.049,
0.049,
0.071,
-0.016,
0.048,
0.009,
0.030,
0.031,
0.097,
-0.083,
-0.034,
-0.047,
0.066,
0.065,
-0.051,
-0.059,
0.048,
0.125,
0.073,
0.016,
-0.043,
-0.046,
0.049,
0.094,
0.067,
-0.113,
-0.133,
0.005,
-0.002,
-0.059,
-0.046,
-0.074,
0.011,
0.002,
-0.096,
0.013,
-0.017,
-0.079,
-0.011,
0.003,
0.074,
0.015,
0.140,
0.025,
0.040,
0.007,
-0.049,
-0.001,
-0.124,
-0.070,
-0.011,
-0.050,
-0.143,
0.050,
-0.012,
-0.113,
0.083,
0.083,
-0.088,
0.016,
0.068,
-0.047,
0.029,
-0.026,
0.010,
0.004,
-0.043,
-0.058,
0.037,
0.021,
0.064,
0.001,
-0.017,
0.023,
0.159,
-0.095,
-0.067,
-0.040,
-0.104,
0.048,
0.046,
-0.076,
0.121,
-0.145,
-0.015,
-0.041,
-0.012,
0.076,
0.015,
-0.087,
0.010,
-0.012,
0.128,
-0.057,
0.087,
-0.040,
0.068,
0.030,
0.036,
0.095,
0.000,
0.011,
-0.086,
0.065,
-0.073,
0.011,
0.034,
-0.078,
-0.033,
0.019,
0.033,
0.026,
-0.102,
0.019,
0.091,
-0.037,
-0.025,
0.074,
0.029,
0.043,
0.146,
0.066,
-0.119,
0.094,
-0.039,
-0.027,
-0.011,
-0.078,
-0.119,
0.095,
0.058,
-0.008,
0.039,
0.020,
0.040,
0.014,
0.103,
0.083,
0.014,
-0.042,
-0.101,
-0.047,
0.003,
0.043,
-0.025,
-0.026,
-0.100,
-0.005,
-0.024,
0.030,
-0.037,
0.099,
0.077,
0.031,
0.096,
0.033,
0.003,
-0.023,
-0.019,
0.013,
0.033,
-0.055,
0.024,
0.067,
0.069,
-0.002,
-0.065,
-0.001,
-0.008,
-0.097,
-0.040,
-0.140,
0.090,
-0.051,
0.050,
-0.078,
-0.008,
0.080,
-0.035,
-0.057,
-0.004,
0.053,
-0.063,
-0.045,
0.019,
-0.060,
0.069,
-0.056,
0.043,
-0.074,
0.045,
0.015,
-0.028,
-0.001,
-0.045,
-0.074,
0.040,
0.011,
0.022,
0.055,
0.040,
-0.119,
0.081,
0.040,
-0.021,
-0.059,
0.046,
0.085,
-0.043,
-0.101,
-0.042,
0.026,
0.050,
0.055,
-0.006,
-0.077,
0.007,
0.125,
0.033,
0.038,
0.154,
-0.045,
0.034,
0.055,
-0.032,
-0.035,
0.038,
-0.016,
0.036,
-0.039,
-0.001,
0.023,
0.088,
0.063,
0.046,
-0.055,
0.090,
0.039,
-0.079,
-0.014,
0.194,
0.150,
-0.018,
-0.068,
-0.081,
-0.054,
0.161,
-0.076,
-0.009,
-0.025,
-0.032,
0.000,
-0.010,
-0.010,
-0.022,
-0.052,
-0.072,
-0.003,
0.009,
0.108,
-0.021,
0.101,
-0.092,
0.039,
-0.011,
-0.045,
0.034,
-0.011,
-0.069,
-0.009,
0.047,
0.016,
0.077,
0.053,
0.062,
0.127,
0.004,
-0.111,
-0.015,
0.122,
-0.105,
0.013,
-0.099,
0.088,
-0.012,
0.124,
0.059,
-0.006,
0.094,
-0.027,
0.013,
-0.125,
0.071,
-0.056,
-0.011,
-0.049,
0.016,
0.023,
-0.108,
0.099,
-0.035,
-0.034,
-0.051,
-0.092,
0.039,
0.022,
0.077,
0.102,
-0.118,
0.036,
-0.099,
0.000,
0.174,
-0.005,
-0.086,
0.051,
0.021,
0.079,
0.061,
0.060,
-0.070,
0.097,
0.088,
-0.022,
-0.053,
-0.090,
-0.060,
-0.017,
-0.022,
0.043,
0.089,
-0.020,
0.019,
-0.136,
-0.044,
-0.044,
0.052,
-0.107,
-0.082,
-0.073,
-0.078,
-0.060,
-0.017,
-0.008,
-0.006,
0.042,
0.079,
-0.102,
-0.002,
0.055,
0.028,
-0.063,
-0.047,
0.137,
0.020,
0.172,
-0.049,
-0.052,
-0.092,
-0.011,
-0.022,
0.067,
-0.034,
0.001,
0.050,
0.031,
-0.007,
-0.018,
-0.029,
-0.076,
0.105,
-0.079,
-0.049,
-0.052,
0.077,
-0.152,
0.047,
0.026,
-0.112,
0.075,
0.043,
-0.045,
0.128,
-0.021,
0.156,
0.021,
0.141,
-0.059,
-0.019,
0.046,
0.129,
-0.024,
-0.005,
-0.130,
0.117,
0.015,
0.105,
0.043,
0.078,
0.026,
-0.068,
0.008,
-0.020,
0.035,
0.034,
0.070,
-0.073,
-0.142,
-0.006,
-0.038,
-0.060,
0.070,
0.037,
-0.027,
0.059,
0.037,
0.025,
0.098,
-0.065,
-0.025,
-0.033,
0.012,
-0.013,
0.033,
0.077,
-0.059,
0.095,
-0.003,
0.015,
-0.021,
0.095,
0.022,
0.020,
-0.018,
0.099,
-0.031,
0.029,
-0.007,
-0.065,
-0.029,
0.021,
-0.026,
0.091,
0.025,
-0.012,
0.000,
-0.085,
0.014,
-0.038,
0.131,
-0.094,
-0.003,
-0.182,
-0.039,
0.066,
-0.011,
0.129,
0.208,
-0.122,
0.038,
-0.006,
0.033,
0.029,
-0.047,
-0.023,
0.155,
0.006,
0.053,
-0.086,
0.041,
0.039,
0.094,
0.140,
0.040,
-0.159,
-0.050,
0.087,
0.002,
0.057,
-0.040,
0.150,
0.054,
0.053,
-0.104,
0.066,
-0.112,
0.147,
-0.035,
-0.026,
-0.023,
-0.048,
-0.023,
-0.009,
-0.084,
-0.069,
-0.088,
-0.071,
0.054,
0.102,
0.057,
0.129,
-0.094,
0.096,
0.021,
0.034,
-0.018,
0.091,
0.093,
0.006,
-0.070,
0.061,
-0.126,
0.048,
-0.069,
0.166,
-0.041,
0.052,
0.195,
-0.011,
0.022,
0.069,
-0.085,
-0.005,
0.003,
-0.112,
-0.005,
-0.043,
0.054,
-0.038,
0.049,
-0.086,
-0.241,
-0.100,
0.046,
0.059,
0.055,
-0.008,
-0.008,
-0.016,
-0.047,
-0.026,
0.026,
-0.137,
-0.157,
-0.020,
-0.051,
-0.117,
-0.032,
-0.012,
0.032,
0.040,
-0.032,
-0.032,
0.019,
-0.118,
0.038,
-0.078,
-0.029,
-0.044,
-0.002,
0.052,
-0.070,
0.090,
-0.092,
0.069,
0.036,
0.048,
-0.022,
-0.092,
-0.116,
-0.023,
-0.099,
0.048,
-0.057,
-0.074,
-0.040,
-0.091,
-0.081,
-0.011,
-0.014,
-0.060,
-0.075,
0.079,
0.042,
-0.005,
-0.090,
0.016,
0.062,
-0.092,
-0.077,
-0.089,
-0.065,
0.073,
0.068,
-0.105,
0.056,
0.002,
0.082,
-0.091,
-0.061,
-0.052,
0.041,
-0.040,
0.043,
-0.082,
0.144,
0.001,
-0.054,
0.049,
0.074,
-0.028,
0.017,
-0.084,
-0.093,
0.005,
-0.043,
0.011,
-0.010,
0.046,
-0.005,
-0.036,
-0.088,
-0.039,
0.071,
-0.085,
0.111,
-0.055,
-0.033,
0.131,
0.036,
0.013,
0.013,
-0.074,
-0.003,
0.193,
0.051,
0.020,
0.007,
-0.017,
0.010,
0.037,
-0.042,
0.040,
0.050,
-0.020,
-0.019,
-0.084,
0.017,
-0.026,
0.120,
-0.017,
0.012,
-0.048,
0.014,
-0.052,
0.008,
0.011,
-0.061,
0.079,
0.021,
0.079,
0.106,
-0.106,
-0.119,
0.032,
-0.001,
-0.081,
-0.052,
-0.072,
0.055,
0.021,
-0.005,
0.048,
0.020,
-0.020,
-0.025,
-0.057,
0.076,
0.010,
-0.084,
-0.009,
0.166,
0.015,
-0.142,
0.022,
-0.020,
-0.051,
-0.023,
-0.202,
0.073,
0.003,
-0.033,
0.027,
-0.046,
0.035,
-0.027,
-0.048,
0.048,
0.041,
0.188,
-0.053,
0.052,
-0.013,
0.091,
0.006,
0.008,
0.049,
-0.052,
0.081,
-0.046,
0.062,
0.005,
-0.120,
-0.078,
0.025,
-0.008,
0.081,
0.005,
0.009,
0.053,
0.028,
0.098,
-0.003,
0.107,
-0.111,
-0.120,
0.065,
-0.101,
-0.024,
-0.086,
0.016,
-0.069,
-0.007,
0.023,
0.003,
-0.016,
0.017,
0.008,
0.017,
-0.045,
0.089,
0.052,
0.016,
0.030,
0.065,
0.091,
-0.008,
-0.037,
-0.031,
0.015,
-0.005,
-0.058,
-0.026,
0.149,
0.082,
0.162,
-0.037,
0.105,
0.246,
0.056,
0.003,
0.042,
0.010,
-0.012,
-0.118,
0.067,
-0.110,
0.077,
0.064,
-0.055,
0.061,
0.028,
-0.010,
0.003,
0.022,
0.000,
0.094,
0.002,
-0.010,
0.039,
0.137,
0.013,
0.054,
-0.002,
0.002,
-0.121,
-0.020,
0.021,
0.002,
-0.024,
-0.138,
0.012,
-0.043,
0.093,
-0.155,
0.000,
0.030,
-0.066,
-0.057,
0.016,
-0.069,
-0.012,
0.009,
-0.066,
0.028,
0.008,
-0.055,
-0.055,
0.034,
-0.009,
-0.008,
-0.112,
0.016,
0.013,
-0.025,
0.005,
0.070,
-0.019,
0.000,
0.080,
0.185,
-0.030,
-0.045,
-0.021,
-0.013,
-0.121,
-0.061,
-0.049,
0.084,
0.042,
-0.088,
-0.002,
-0.032,
-0.121,
0.063,
0.117,
0.092,
-0.041,
-0.035,
0.012,
0.017,
0.080,
0.073,
0.035,
0.025,
0.065,
-0.038,
-0.050,
0.056,
-0.137,
0.074,
-0.015,
-0.035,
-0.030,
0.011,
0.089,
-0.151,
0.055,
-0.060,
0.021,
0.023,
-0.040,
-0.102,
-0.034,
0.049,
-0.033,
0.108,
0.089,
0.112,
-0.019,
0.034,
-0.052,
-0.073,
0.037,
0.004,
0.005,
0.031,
-0.084,
0.004,
-0.072,
0.096,
0.028,
0.022,
-0.073,
0.084,
-0.052,
-0.028,
0.026,
0.064,
-0.033,
-0.017,
0.048,
-0.033,
0.062,
-0.094,
-0.070,
0.015,
-0.008,
-0.218,
0.038,
-0.100,
0.082,
-0.041,
-0.075,
0.042,
0.021,
-0.041,
0.063,
0.006,
0.037,
-0.047,
0.056,
0.092,
0.019,
0.048,
0.058,
0.011,
-0.222,
-0.071,
-0.054,
-0.019,
0.041,
0.055,
0.087,
-0.003,
-0.034,
-0.078,
0.037,
0.127,
-0.088,
-0.057,
0.054,
0.051,
0.055,
-0.033,
-0.029,
-0.150,
-0.035,
0.094,
-0.013,
0.042,
0.121,
-0.059,
0.020,
-0.108,
-0.061,
-0.070,
-0.029,
0.097,
-0.058,
-0.016,
0.049,
-0.118,
0.024,
0.100,
-0.036,
-0.035,
0.053,
-0.070,
0.070,
0.086,
-0.012,
0.009,
-0.050,
0.113,
0.083,
-0.048,
0.045,
-0.051,
-0.063,
-0.015,
-0.222,
-0.128,
-0.008,
-0.074,
-0.180,
-0.061,
-0.013,
0.012,
0.031,
0.049,
-0.189,
-0.040,
-0.039,
0.044,
-0.040,
-0.050,
-0.113,
-0.039,
0.021,
-0.010,
0.062,
-0.018,
-0.065,
-0.136,
0.071,
-0.012,
-0.041,
-0.163,
-0.056,
-0.014,
-0.041,
0.124,
0.024,
-0.017,
0.182,
-0.025,
-0.123,
0.029,
0.056,
-0.007,
-0.067,
0.014,
0.087,
-0.042,
0.059,
-0.100,
-0.140,
0.008,
-0.043,
0.010,
0.001,
-0.014,
-0.078,
0.120,
-0.165,
0.038,
-0.108,
-0.040,
0.046,
-0.052,
-0.040,
-0.022,
-0.086,
0.093,
0.028,
0.014,
0.015,
-0.027,
0.009,
-0.033,
0.038,
0.073,
0.035,
0.064,
0.124,
-0.084,
-0.025,
0.003,
-0.041,
0.058,
-0.046,
-0.091,
-0.052,
0.006,
-0.068,
-0.123,
-0.057,
-0.184,
-0.006,
-0.042,
0.017,
-0.104,
0.008,
-0.013,
0.071,
-0.038,
0.099,
-0.082,
0.039,
0.015,
-0.120,
-0.056,
0.037,
0.094,
0.044,
0.075,
0.014,
0.029,
-0.070,
-0.059,
-0.056,
-0.046,
0.008,
0.039,
-0.069,
0.067,
0.063,
0.035,
-0.080,
-0.036,
0.083,
0.016,
0.047,
0.106,
0.043,
-0.169,
0.031,
-0.051,
0.041,
-0.152,
-0.043,
0.117,
0.086,
-0.030,
-0.065,
0.071,
0.002,
-0.011,
0.038,
-0.037,
0.100,
-0.100,
-0.130,
-0.052,
0.028,
-0.092,
-0.208,
-0.018,
-0.071,
-0.072,
-0.007,
-0.009,
-0.057,
0.077,
0.104,
-0.140,
0.025,
0.018,
-0.052,
0.079,
0.098,
-0.025,
0.059,
0.004,
-0.029,
-0.031,
-0.109,
0.069,
0.032,
0.132,
-0.041,
0.057,
0.004,
-0.011,
0.042,
0.088,
-0.059,
0.108,
0.151,
-0.024,
0.028,
-0.027,
0.041,
0.060,
0.031,
0.039,
0.048,
0.039,
0.081,
-0.032,
0.022,
0.076,
0.124,
-0.078,
0.097,
-0.101,
0.066,
0.058,
-0.152,
0.000,
0.001,
0.046,
-0.003,
0.033,
-0.033,
-0.074,
-0.011,
-0.007,
0.090,
0.059,
-0.088,
-0.008,
0.000,
0.019,
0.109,
0.111,
-0.097,
0.072,
-0.045,
0.047,
0.131,
-0.033,
-0.024,
-0.001,
-0.031,
0.045,
-0.079,
0.067,
0.014,
-0.027,
0.074,
-0.032,
-0.134,
0.062,
0.042,
-0.028,
-0.001,
0.036,
0.017,
-0.066,
0.056,
-0.023,
0.030,
0.020,
0.076,
0.026,
0.131,
-0.073,
0.003,
0.129,
-0.024,
0.067,
-0.036,
-0.021,
0.040,
-0.017,
-0.064,
0.034,
0.050,
-0.025,
0.016,
-0.003,
-0.053,
0.024,
0.004,
-0.041,
0.139,
-0.032,
-0.009,
-0.085,
-0.044,
-0.050,
-0.036,
0.051,
0.006,
-0.171,
0.030,
-0.002,
-0.024,
0.038,
-0.106,
0.065,
0.006,
0.143,
0.023,
0.099,
-0.052,
0.014,
-0.130,
-0.003,
-0.070,
-0.018,
0.062,
-0.079,
0.161,
0.038,
0.058,
0.177,
-0.004,
-0.121,
0.099,
0.111,
0.087,
-0.097,
0.125,
-0.026,
0.169,
0.062,
0.008,
0.071,
-0.021,
0.051,
-0.075,
0.028,
0.011,
-0.005,
0.008,
0.029,
0.049,
0.041,
-0.068,
0.067,
-0.163,
0.039,
0.108,
-0.046,
0.129,
0.040,
-0.096,
-0.040,
0.059,
0.000,
-0.025,
0.006,
-0.036,
0.036,
-0.064,
0.054,
-0.148,
0.044,
0.024,
0.040,
0.124,
-0.081,
0.078,
-0.129,
0.080,
0.007,
0.036,
0.052,
-0.076,
-0.056,
-0.031,
-0.073,
0.005,
-0.153,
0.058,
0.057,
0.037,
0.039,
0.041,
0.094,
0.148,
-0.017,
0.051,
-0.057,
-0.115,
-0.158,
-0.001,
0.071,
0.064,
0.099,
0.053,
-0.024,
0.011,
0.071,
-0.011,
0.009,
0.029,
0.014,
0.124,
0.100,
0.076,
-0.082,
0.014,
0.106,
0.101,
0.027,
0.073,
-0.005,
0.011,
0.001,
-0.115,
0.065,
-0.034,
-0.035,
-0.001,
0.029,
-0.056,
0.025,
-0.014,
-0.012,
-0.002,
-0.032,
0.100,
0.119,
0.056,
0.043,
-0.039,
-0.047,
0.027,
0.069,
0.004,
0.074,
0.005,
0.061,
-0.054,
0.011,
0.035,
0.131,
-0.011,
-0.058,
-0.153,
-0.033,
0.017,
0.013,
-0.081,
0.126,
0.131,
-0.050,
0.086,
0.038,
-0.119,
-0.004,
-0.123,
0.026,
0.036,
0.067,
0.039,
0.097,
-0.018,
-0.006,
-0.021,
-0.010,
0.015,
0.007,
0.032,
0.012,
0.007,
-0.081,
-0.016,
-0.021,
0.108,
0.152,
0.007,
-0.023,
-0.012,
-0.016,
-0.097,
-0.013,
0.177,
-0.057,
0.024,
0.042,
0.017,
0.143,
0.018,
-0.058,
0.049,
-0.071,
-0.084,
-0.011,
0.050,
-0.065,
-0.042,
0.027,
-0.131,
0.108,
-0.055,
-0.075,
-0.054,
-0.063,
-0.061,
-0.033,
-0.022,
0.095,
-0.044,
-0.001,
0.037,
-0.019,
-0.013,
0.079,
-0.077,
0.010,
-0.022,
0.001,
0.034,
-0.086,
0.008,
-0.116,
0.013,
-0.024,
-0.014,
-0.045,
-0.021,
0.041,
-0.115,
0.185,
0.089,
-0.075,
0.051,
-0.050,
0.089,
-0.045,
0.049,
-0.088,
0.001,
0.028,
-0.095,
0.073,
-0.070,
0.032,
0.042,
-0.014,
0.009,
0.004,
0.052,
-0.046,
-0.072,
-0.019,
0.016,
-0.005,
-0.009,
0.064,
-0.032,
0.083,
-0.093,
-0.027,
0.072,
0.012,
0.014,
-0.084,
0.008,
-0.059,
0.040,
-0.007,
0.159,
0.037,
-0.042,
-0.014,
-0.003,
0.003,
0.046,
-0.007,
0.053,
0.060,
-0.017,
-0.063,
-0.072,
0.030,
-0.121,
0.025,
-0.026,
-0.121,
0.000,
0.111,
-0.014,
0.035,
-0.031,
0.067,
-0.086,
-0.078,
-0.024,
0.133,
-0.004,
-0.004,
-0.113,
0.031,
-0.083,
0.042,
0.009,
0.094,
-0.009,
0.136,
0.083,
0.134,
-0.016,
0.083,
0.043,
0.064,
-0.025,
0.113,
0.069,
0.005,
0.054,
0.026,
-0.049,
0.023,
-0.084,
-0.016,
-0.020,
0.045,
-0.066,
0.097,
-0.058,
0.045,
-0.115,
-0.034,
0.106,
-0.006,
0.027,
0.081,
0.036,
0.039,
-0.076,
0.026,
-0.116,
0.031,
0.073,
-0.027,
0.063,
0.030,
-0.097,
-0.092,
-0.073,
0.024,
0.063,
-0.072,
0.006,
-0.008,
0.111,
-0.061,
0.105,
-0.051,
-0.017,
0.059,
-0.017,
-0.088,
0.004,
-0.008,
0.037,
-0.050,
0.014,
-0.017,
-0.008,
-0.102,
0.064,
0.045,
-0.058,
0.053,
-0.083,
0.007,
-0.035,
0.128,
-0.013,
-0.015,
0.100,
0.129,
-0.001,
0.053,
0.084,
-0.007,
0.081,
-0.087,
0.157,
-0.069,
-0.004,
-0.114,
0.018,
-0.078,
-0.022,
-0.052,
-0.152,
-0.038,
-0.025,
0.017,
-0.058,
-0.117,
-0.003,
-0.027,
-0.057,
-0.004,
0.104,
-0.029,
-0.073,
-0.019,
0.116,
-0.035,
0.020,
-0.025,
-0.058,
0.102,
-0.006,
-0.091,
0.067,
0.004,
-0.085,
-0.022,
0.077,
-0.063,
0.134,
-0.045,
-0.033,
0.004,
-0.213,
-0.064,
-0.001,
0.085,
0.090,
0.003,
0.010,
0.032,
-0.032,
0.127,
-0.044,
0.020,
-0.073,
0.013,
0.071,
0.064,
-0.063,
-0.006,
0.075,
0.016,
-0.014,
0.004,
0.093,
-0.095,
-0.037,
-0.006,
-0.106,
-0.053,
-0.014,
0.031,
-0.036,
0.001,
0.062,
-0.034,
-0.080,
-0.036,
0.002,
-0.033,
0.040,
0.080,
0.023,
0.045,
-0.023,
0.099,
0.016,
0.059,
-0.060,
0.094,
-0.017,
0.027,
0.122,
0.086,
0.000,
-0.063,
-0.093,
0.069,
-0.085,
-0.027,
-0.087,
-0.055,
0.057,
-0.067,
0.039,
-0.014,
0.027,
-0.047,
-0.105,
-0.107,
-0.023,
0.124,
0.032,
-0.029,
-0.008,
-0.034,
-0.005,
0.032,
0.075,
-0.095,
0.002,
-0.056,
-0.011,
-0.075,
0.021,
-0.001,
-0.089,
-0.108,
-0.100,
0.001,
-0.055,
0.059,
0.032,
-0.075,
0.018,
-0.066,
0.026,
-0.032,
0.089,
-0.027,
0.078,
0.026,
-0.014,
-0.043,
0.033,
-0.014,
-0.092,
0.066,
-0.055,
0.081,
-0.131,
-0.061,
-0.016,
0.025,
-0.035,
-0.077,
0.114,
0.159,
0.034,
0.001,
0.017,
0.104,
-0.052,
0.051,
-0.111,
-0.078,
-0.049,
0.003,
0.069,
0.011,
-0.051,
-0.007,
0.005,
0.105,
-0.070,
-0.037,
0.022,
0.031,
0.066,
0.093,
0.012,
-0.018,
0.116,
-0.094,
0.016,
0.057,
0.020,
-0.074,
0.062,
-0.068,
-0.110,
-0.143,
-0.112,
-0.019,
-0.036,
-0.036,
-0.041,
0.057,
0.036,
0.035,
-0.135,
0.059,
0.035,
-0.021,
0.104,
-0.031,
-0.057,
0.072,
-0.119,
-0.130,
0.018,
0.138,
0.151,
0.024,
0.096,
0.046,
0.053,
-0.006,
0.058,
-0.054,
-0.051,
0.037,
-0.018,
-0.098,
0.016,
0.036,
0.018,
-0.096,
0.066,
-0.076,
0.055,
0.042,
-0.088,
-0.044,
0.044,
0.051,
-0.134,
-0.006,
0.116,
-0.049,
-0.076,
-0.100,
0.087,
-0.062,
0.018,
0.014,
-0.017,
-0.109,
-0.087,
-0.016,
-0.005,
-0.016,
-0.039,
0.015,
0.018,
-0.267,
0.069,
0.058,
-0.052,
-0.004,
0.082,
0.004,
0.077,
0.085,
0.178,
-0.061,
0.110,
-0.108,
-0.122,
-0.073,
0.086,
0.136,
-0.018,
0.002,
0.087,
0.050,
0.015,
0.072,
-0.025,
-0.045,
-0.129,
-0.113,
-0.131,
-0.106,
0.064,
0.065,
0.026,
0.013,
-0.041,
-0.144,
0.093,
0.030,
0.090,
0.088,
0.128,
0.026,
0.129,
0.120,
0.022,
0.029,
-0.060,
0.117,
0.008,
-0.068,
-0.011,
0.084,
-0.015,
0.028,
0.046,
-0.052,
-0.016,
0.043,
-0.012,
-0.029,
-0.077,
0.032,
0.031,
0.027,
0.027,
0.123,
-0.041,
0.046,
-0.064,
0.106,
-0.043,
-0.073,
0.053,
-0.084,
-0.072,
0.031,
0.083,
-0.015,
0.038,
-0.015,
0.053,
0.015,
-0.009,
-0.120,
0.011,
-0.084,
0.090,
0.083,
0.097,
-0.032,
-0.095,
0.022,
-0.016,
0.030,
-0.041,
-0.054,
0.033,
0.070,
-0.042,
-0.046,
0.024,
-0.039,
0.038,
0.025,
-0.006,
0.150,
-0.012,
0.014,
-0.027,
0.100,
-0.014,
0.004,
-0.084,
-0.102,
0.079,
-0.025,
-0.110,
0.013,
-0.004,
-0.039,
0.016,
-0.054,
-0.016,
0.038,
-0.008,
0.045,
0.075,
-0.053,
0.019,
0.039,
0.063,
0.034,
-0.046,
0.038,
-0.022,
-0.135,
-0.073,
-0.094,
0.021,
0.027,
0.065,
-0.025,
-0.017,
-0.031,
0.057,
-0.034,
-0.077,
-0.087,
-0.002,
0.027,
0.055,
-0.025,
0.176,
0.057,
-0.052,
-0.079,
0.019,
0.010,
-0.157,
-0.069,
-0.082,
0.115,
-0.114,
0.090,
0.102,
0.025,
0.020,
-0.076,
-0.025,
-0.017,
-0.103,
-0.130,
-0.003,
-0.178,
0.153,
0.007,
-0.135,
-0.023,
0.062,
-0.006,
-0.014,
0.086,
-0.013,
0.061,
-0.051,
0.111,
0.035,
-0.078,
0.016,
-0.001,
0.080,
0.023,
-0.062,
0.022,
-0.067,
0.077,
0.192,
0.020,
-0.046,
-0.190,
0.029,
0.102,
0.142,
0.097,
-0.066,
0.033,
0.086,
-0.053,
-0.075,
0.017,
-0.004,
0.047,
-0.059,
-0.124,
-0.029,
0.033,
-0.004,
0.107,
-0.210,
0.133,
-0.065,
-0.074,
0.019,
-0.101,
0.068,
0.009,
0.086,
-0.025,
0.033,
0.053,
-0.059,
0.097,
0.176,
-0.068,
0.041,
-0.141,
0.078,
0.012,
0.102,
-0.014,
-0.083,
-0.045,
0.032,
0.014,
0.105,
-0.003,
0.038,
0.055,
0.059,
-0.121,
0.011,
0.012,
0.010,
0.084,
-0.008,
0.032,
0.005,
-0.120,
0.026,
0.103,
-0.035,
0.016,
0.011,
-0.064,
-0.173,
-0.116,
-0.091,
0.123,
0.054,
-0.166,
0.004,
0.012,
-0.068,
-0.106,
-0.052,
-0.003,
-0.105,
0.027,
0.001,
-0.105,
-0.051,
0.095,
0.111,
-0.074,
-0.016,
-0.028,
0.002,
0.041,
0.119,
-0.015,
0.019,
0.061,
0.054,
-0.002,
0.040,
0.049,
0.014,
-0.037,
0.016,
-0.009,
-0.093,
-0.037,
-0.050,
0.080,
0.004,
-0.036,
0.011,
0.004,
0.137,
0.122,
-0.086,
0.042,
0.032,
0.014,
-0.127,
-0.050,
-0.021,
-0.093,
-0.064,
-0.005,
0.097,
-0.051,
-0.057,
-0.056,
0.048,
0.247,
0.050,
-0.186,
-0.023,
-0.082,
0.080,
-0.008,
-0.016,
-0.121,
0.037,
-0.090,
-0.004,
0.029,
0.044,
-0.005,
0.041,
-0.046,
-0.070,
-0.047,
-0.011,
-0.007,
-0.004,
0.027,
-0.006,
-0.089,
-0.001,
0.029,
0.005,
0.022,
0.039,
-0.012,
-0.137,
0.023,
-0.003,
0.012,
-0.065,
0.015,
0.025,
-0.127,
0.053,
-0.027,
-0.068,
0.070,
0.104,
0.026,
-0.188,
0.016,
0.032,
-0.047,
0.012,
0.047,
-0.100,
-0.059,
-0.022,
0.018,
0.036,
-0.032,
-0.042,
0.041,
-0.073,
0.043,
0.022,
0.034,
0.001,
-0.030,
-0.141,
-0.039,
-0.116,
-0.028,
0.051,
0.088,
-0.008,
-0.006,
-0.026,
-0.136,
0.073,
-0.057,
0.063,
-0.010,
-0.103,
-0.043,
-0.053,
0.059,
-0.153,
0.072,
-0.032,
0.081,
0.093,
0.051,
0.027,
0.034,
0.096,
0.140,
0.134,
0.017,
-0.033,
-0.075,
0.117,
-0.093,
-0.009,
-0.069,
0.132,
0.101,
-0.077,
-0.092,
-0.013,
-0.068,
0.002,
-0.043,
0.071,
0.142,
-0.075,
-0.076,
0.102,
-0.070,
0.003,
-0.083,
0.060,
0.035,
0.028,
0.011,
0.053,
-0.037,
0.080,
-0.039,
-0.070,
-0.049,
0.018,
0.004,
0.101,
-0.032,
0.004,
-0.050,
0.139,
-0.047,
0.026,
0.074,
0.010,
0.109,
-0.054,
0.068,
-0.040,
0.090,
-0.104,
0.102,
-0.002,
0.044,
-0.010,
0.014,
0.041,
0.022,
0.026,
-0.080,
0.092,
0.096,
0.010,
0.027,
-0.031,
0.191,
-0.062,
0.146,
0.070,
-0.042,
-0.064,
-0.044,
0.040,
-0.030,
0.085,
0.073,
0.045,
-0.113,
-0.015,
-0.012,
-0.069,
-0.020,
0.029,
-0.037,
-0.043,
-0.043,
0.129,
0.045,
-0.083,
-0.106,
0.011,
0.044,
0.108,
0.016,
-0.111,
-0.058,
0.086,
0.084,
0.012,
-0.116,
-0.059,
0.090,
0.034,
-0.045,
0.117,
0.044,
0.023,
0.028,
0.244,
-0.135,
0.035,
-0.003,
-0.088,
-0.073,
-0.044,
0.024,
-0.042,
-0.047,
-0.077,
-0.038,
-0.079,
-0.102,
0.032,
0.112,
0.028,
-0.101,
0.058,
-0.121,
0.130,
0.035,
0.019,
0.061,
0.036,
0.080,
0.019,
0.001,
-0.020,
-0.128,
0.046,
0.022,
0.016,
-0.067,
-0.031,
0.045,
0.090,
-0.025,
-0.120,
0.005,
0.077,
0.063,
-0.030,
-0.021,
0.039,
0.073,
-0.010,
0.006,
0.011,
0.082,
-0.075,
-0.015,
0.009,
0.073,
0.057,
0.051,
-0.050,
0.070,
-0.120,
-0.129,
-0.063,
-0.048,
-0.151,
-0.092,
0.171,
-0.053,
-0.058,
-0.034,
0.109,
-0.046,
-0.006,
0.134,
0.025,
-0.062,
0.063,
-0.067,
-0.061,
0.019,
-0.045,
-0.073,
-0.138,
-0.031,
-0.036,
0.119,
0.001,
0.004,
-0.079,
0.063,
0.025,
-0.001,
-0.078,
0.019,
0.029,
-0.144,
-0.186,
0.064,
0.030,
-0.069,
0.005,
-0.030,
0.047,
-0.009,
-0.025,
-0.095,
-0.026,
0.041,
-0.021,
-0.100,
0.063,
0.001,
-0.032,
0.038,
-0.109,
0.067,
-0.053,
0.025,
-0.074,
0.151,
-0.070,
-0.014,
-0.100,
-0.029,
-0.062,
-0.060,
0.097,
0.025,
-0.001,
0.022,
0.155,
-0.099,
0.094,
-0.055,
0.007,
0.014,
-0.028,
0.039,
0.064,
-0.079,
0.006,
0.112,
-0.038,
0.032,
-0.015,
-0.017,
-0.059,
-0.048,
-0.108,
0.029,
-0.062,
-0.021,
0.041,
-0.034,
0.002,
0.045,
0.004,
0.022,
0.014,
-0.015,
-0.006,
-0.070,
-0.065,
-0.065,
0.021,
-0.007,
0.098,
-0.005,
0.033,
-0.075,
0.016,
-0.070,
-0.104,
0.007,
0.011,
0.027,
0.060,
0.042,
0.014,
-0.067,
-0.065,
-0.055,
0.016,
0.071,
0.034,
0.071,
0.135,
-0.013,
0.061,
-0.099,
-0.043,
-0.001,
-0.043,
-0.192,
0.044,
-0.062,
-0.111,
0.051,
0.067,
-0.119,
-0.098,
-0.041,
-0.115,
0.006,
0.081,
0.109,
0.032,
0.090,
0.081,
0.092,
-0.007,
0.022,
-0.030,
-0.118,
0.003,
0.004,
-0.018,
0.059,
0.015,
0.022,
0.008,
-0.064,
-0.129,
-0.025,
-0.017,
-0.135,
0.072,
0.111,
-0.078,
-0.074,
-0.005,
0.078,
-0.006,
0.031,
0.104,
0.038,
0.044,
-0.017,
-0.069,
0.076,
-0.044,
-0.004,
0.069,
0.059,
0.160,
0.114,
-0.032,
-0.072,
0.079,
-0.028,
-0.081,
0.003,
0.077,
0.000,
0.058,
-0.037,
0.039,
-0.030,
-0.030,
0.018,
0.005,
0.098,
0.063,
-0.013,
0.051,
0.076,
-0.027,
-0.038,
0.035,
-0.033,
0.047,
-0.005,
0.018,
-0.064,
0.014,
0.033,
-0.136,
0.046,
-0.030,
0.021,
0.021,
-0.027,
-0.039,
0.132,
-0.053,
0.018,
-0.004,
-0.007,
0.081,
0.015,
0.009,
0.121,
-0.075,
0.075,
0.069,
0.025,
0.063,
0.039,
0.069,
0.006,
0.106,
0.019,
0.055,
0.016,
0.086,
-0.046,
0.055,
-0.063,
0.058,
-0.007,
0.042,
-0.039,
0.029,
0.052,
0.005,
-0.002,
-0.010,
-0.022,
-0.015,
-0.152,
-0.134,
0.066,
0.053,
0.079,
0.086,
0.031,
0.005,
-0.009,
-0.003,
0.176,
0.041,
-0.115,
0.017,
-0.044,
0.059,
0.031,
0.107,
0.108,
0.130,
-0.023,
0.020,
0.021,
0.021,
0.140,
-0.046,
-0.163,
-0.062,
0.065,
-0.014,
0.142,
0.040,
-0.025,
-0.027,
-0.033,
-0.089,
0.013,
-0.056,
-0.125,
0.093,
0.019,
0.039,
-0.025,
0.036,
-0.004,
0.016,
-0.096,
0.084,
0.051,
0.034,
0.039,
0.025,
0.037,
0.049,
0.005,
0.007,
-0.082,
0.086,
0.087,
-0.103,
-0.063,
0.073,
-0.120,
-0.050,
0.015,
0.027,
-0.027,
0.111,
0.039,
0.003,
0.021,
0.063,
0.021,
-0.041,
-0.118,
-0.048,
0.061,
0.152,
-0.014,
0.052,
-0.020,
0.032,
0.082,
0.089,
0.124,
0.032,
-0.057,
-0.023,
0.072,
-0.141,
0.127,
-0.018,
0.047,
-0.177,
-0.044,
-0.014,
-0.057,
0.103,
-0.115,
0.062,
0.136,
-0.005,
-0.060,
0.038,
0.088,
-0.052,
-0.090,
0.029,
-0.056,
0.060,
0.093,
-0.052,
0.035,
-0.096,
0.042,
-0.145,
-0.007,
0.025,
0.072,
-0.056,
-0.022,
0.035,
0.039,
-0.012,
0.001,
0.026,
-0.063,
-0.006,
-0.019,
0.020,
-0.057,
-0.029,
-0.064,
0.085,
-0.011,
-0.073,
0.010,
-0.021,
0.067,
-0.035,
-0.057,
0.168,
0.014,
0.140,
0.038,
0.111,
0.055,
-0.055,
-0.080,
0.055,
-0.038,
-0.019,
0.103,
-0.036,
-0.032,
-0.019,
-0.007,
-0.009,
-0.005,
0.000,
0.143,
-0.046,
0.078,
-0.029,
-0.103,
-0.008,
0.050,
-0.085,
0.037,
0.090,
0.005,
0.151,
-0.087,
0.046,
0.049,
0.107,
0.066,
0.045,
0.042,
0.018,
-0.051,
0.009,
-0.151,
-0.081,
-0.074,
-0.060,
0.126,
-0.053,
-0.115,
-0.020,
-0.038,
0.071,
-0.087,
-0.008,
0.040,
0.051,
-0.066,
0.016,
-0.022,
-0.002,
-0.102,
-0.008,
-0.076,
-0.063,
0.087,
-0.001,
-0.029,
-0.094,
0.040,
0.099,
-0.079,
0.003,
-0.113,
-0.027,
-0.079,
-0.029,
0.041,
0.078,
0.079,
0.043,
0.042,
0.052,
0.083,
0.012,
0.091,
0.150,
-0.053,
0.134,
-0.077,
-0.108,
-0.008,
-0.064,
0.023,
0.036,
-0.054,
-0.076,
-0.004,
-0.078,
-0.113,
-0.003,
0.008,
0.020,
0.022,
-0.029,
0.071,
0.096,
0.083,
-0.024,
-0.002,
0.067,
-0.026,
0.089,
0.035,
0.004,
-0.050,
-0.024,
0.038,
-0.014,
0.069,
0.042,
-0.025,
-0.002,
-0.095,
-0.012,
0.005,
0.055,
0.011,
-0.086,
-0.024,
-0.044,
-0.073,
0.045,
-0.024,
0.102,
-0.043,
-0.022,
0.031,
0.074,
0.071,
-0.002,
-0.035,
-0.066,
-0.071,
-0.064,
-0.015,
-0.054,
0.129,
0.042,
0.049,
-0.085,
-0.107,
0.013,
0.109,
-0.064,
0.029,
0.040,
-0.010,
0.068,
0.021,
-0.058,
-0.028,
-0.026,
0.009,
-0.076,
-0.059,
0.012,
-0.084,
0.069,
0.017,
0.033,
-0.036,
0.072,
-0.053,
-0.045,
-0.050,
-0.063,
-0.044,
0.044,
-0.069,
-0.001,
0.069,
0.019,
0.014,
0.128,
-0.034,
-0.116,
0.013,
0.117,
0.030,
0.042,
-0.081,
0.055,
0.086,
-0.171,
0.047,
0.086,
-0.020,
0.053,
0.077,
0.044,
0.136,
0.040,
0.064,
0.074,
-0.035,
0.002,
0.072,
-0.025,
-0.010,
0.068,
-0.147,
0.035,
0.042,
0.092,
-0.032,
-0.056,
-0.026,
-0.132,
-0.023,
-0.029,
0.015,
-0.020,
-0.009,
0.031,
-0.072,
-0.042,
0.030,
0.059,
-0.012,
0.020,
0.073,
0.029,
-0.037,
-0.086,
-0.035,
-0.011,
-0.124,
0.047,
0.114,
0.035,
-0.038,
-0.031,
-0.038,
-0.072,
0.037,
0.039,
0.039,
0.021,
-0.030,
0.110,
0.019,
-0.033,
-0.110,
0.055,
-0.010,
-0.029,
-0.010,
0.099,
0.054,
-0.107,
-0.038,
0.005,
0.004,
-0.130,
0.019,
0.042,
-0.029,
-0.014,
-0.041,
0.001,
0.043,
-0.135,
-0.029,
0.043,
0.065,
0.073,
-0.147,
0.103,
0.047,
-0.139,
-0.103,
-0.181,
-0.055,
0.050,
0.078,
-0.053,
0.009,
0.153,
0.062,
-0.030,
-0.125,
-0.068,
0.034,
0.041,
0.032,
0.009,
0.037,
-0.065,
0.023,
-0.110,
0.108,
-0.038,
0.058,
-0.003,
-0.002,
-0.037,
-0.065,
-0.014,
-0.075,
-0.073,
-0.135,
0.078,
0.023,
0.064,
-0.041,
-0.095,
-0.110,
-0.002,
0.110,
0.058,
0.081,
0.141,
0.103,
0.012,
-0.202,
-0.023,
0.080,
-0.064,
-0.187,
0.001,
0.050,
0.039,
-0.043,
0.031,
-0.028,
0.042,
-0.049,
-0.007,
0.009,
-0.095,
-0.117,
-0.032,
0.085,
0.021,
-0.057,
0.098,
-0.074,
-0.041,
0.107,
0.055,
0.092,
0.031,
0.065,
0.026,
-0.008,
-0.020,
0.062,
0.020,
-0.145,
-0.045,
0.052,
-0.065,
-0.005,
0.001,
-0.041,
-0.045,
0.072,
0.020,
-0.157,
-0.072,
0.003,
-0.060,
0.043,
-0.055,
-0.013,
0.151,
-0.032,
0.025,
0.001,
0.055,
-0.036,
0.036,
-0.035,
-0.023,
0.044,
0.046,
0.029,
0.019,
-0.072,
-0.071,
0.015,
-0.022,
0.045,
-0.009,
-0.191,
-0.090,
0.026,
0.045,
0.049,
-0.032,
-0.048,
0.041,
0.073,
0.074,
-0.107,
0.157,
-0.059,
-0.034,
0.084,
-0.062,
-0.034,
-0.026,
0.033,
-0.002,
0.069,
0.034,
0.097,
0.043,
-0.004,
0.048,
-0.038,
-0.065,
0.073,
0.031,
0.064,
0.150,
-0.022,
-0.069,
-0.029,
0.006,
0.036,
-0.068,
-0.007,
0.014,
0.093,
-0.050,
0.060,
0.043,
-0.046,
0.021,
0.066,
-0.016,
-0.089,
-0.006,
0.001,
-0.094,
0.065,
-0.023,
-0.037,
-0.116,
0.106,
-0.011,
-0.081,
-0.054,
0.108,
-0.027,
0.085,
0.019,
0.014,
0.182,
0.178,
0.068,
-0.009,
0.027,
-0.001,
0.006,
-0.038,
0.017,
0.096,
0.009,
-0.126,
0.009,
-0.082,
-0.048,
0.030,
-0.058,
0.013,
0.005,
-0.052,
0.117,
-0.004,
-0.019,
0.027,
-0.079,
-0.011,
0.113,
-0.056,
0.080,
-0.019,
0.019,
0.030,
0.037,
-0.050,
-0.017,
-0.013,
-0.031,
0.042,
-0.056,
-0.108,
0.011,
0.043,
0.064,
-0.080,
0.026,
-0.015,
0.006,
0.012,
0.027,
-0.001,
-0.028,
-0.041,
-0.005,
-0.086,
0.096,
-0.081,
-0.074,
0.050,
-0.062,
0.023,
0.062,
0.112,
-0.025,
-0.065,
-0.105,
-0.087,
0.077,
-0.053,
0.013,
0.038,
-0.159,
-0.036,
0.016,
-0.083,
-0.046,
-0.050,
0.006,
-0.051,
0.006,
-0.074,
-0.091,
0.110,
-0.102,
-0.016,
-0.086,
0.008,
0.147,
-0.048,
-0.074,
0.046,
-0.081,
-0.072,
-0.118,
0.148,
0.090,
-0.014,
0.029,
-0.127,
0.009,
-0.017,
0.104,
0.126,
0.034,
0.157,
0.108,
-0.106,
-0.087,
0.065,
-0.125,
0.041,
-0.015,
0.071,
0.049,
0.063,
-0.016,
-0.051,
-0.196,
0.153,
0.039,
0.053,
0.082,
-0.013,
0.048,
0.005,
0.082,
0.001,
0.020,
-0.069,
0.043,
-0.041,
-0.081,
0.001,
-0.043,
-0.004,
0.125,
-0.002,
0.043,
-0.153,
0.069,
-0.019,
0.009,
0.180,
-0.006,
-0.058,
0.013,
0.131,
0.009,
-0.023,
0.068,
0.060,
0.002,
-0.119,
0.110,
-0.034,
0.016,
-0.027,
0.080,
0.047,
-0.027,
0.044,
0.013,
0.086,
-0.104,
-0.104,
-0.122,
0.155,
-0.040,
-0.098,
0.104,
0.008,
-0.038,
-0.011,
-0.031,
0.013,
-0.013,
0.028,
-0.046,
-0.058,
-0.031,
-0.009,
-0.068,
0.015,
0.042,
-0.073,
0.050,
-0.082,
0.118,
-0.019,
0.167,
-0.055,
-0.022,
-0.032,
0.058,
-0.048,
0.070,
-0.002,
-0.082,
0.115,
0.059,
0.012,
-0.087,
0.107,
-0.023,
0.003,
-0.041,
0.100,
0.079,
-0.073,
-0.035,
0.049,
0.009,
-0.079,
-0.045,
0.021,
-0.017,
0.073,
-0.055,
0.000,
0.051,
-0.060,
0.009,
-0.022,
0.020,
-0.047,
-0.023,
-0.148,
0.041,
-0.010,
0.017,
-0.080,
-0.025,
-0.053,
-0.039,
-0.060,
0.080,
0.010,
-0.082,
0.105,
-0.070,
-0.002,
-0.006,
-0.061,
-0.068,
-0.039,
0.003,
-0.068,
0.006,
0.073,
-0.052,
0.088,
0.051,
-0.013,
0.008,
0.064,
0.061,
-0.011,
-0.065,
0.026,
-0.076,
-0.067,
0.014,
-0.026,
0.000,
0.009,
0.021,
0.080,
-0.134,
0.064,
0.032,
-0.004,
-0.013,
0.143,
0.018,
0.107,
0.004,
0.015,
0.068,
-0.006,
-0.015,
0.031,
-0.022,
-0.035,
0.074,
0.046,
-0.154,
-0.009,
0.040,
0.116,
0.031,
0.055,
0.025,
-0.028,
-0.022,
-0.097,
-0.030,
-0.073,
-0.108,
0.019,
0.040,
0.135,
-0.062,
0.030,
0.074,
-0.007,
-0.014,
-0.066,
-0.044,
-0.037,
-0.007,
-0.043,
-0.036,
0.021,
0.086,
0.020,
-0.113,
-0.033,
0.034,
-0.080,
0.099,
0.191,
-0.115,
-0.020,
0.040,
-0.006,
0.034,
0.030,
0.009,
-0.014,
0.001,
0.044,
-0.055,
-0.027,
-0.103,
0.026,
-0.080,
0.071,
-0.031,
-0.091,
0.074,
0.024,
-0.064,
-0.023,
0.013,
-0.019,
0.026,
0.019,
0.029,
0.019,
-0.047,
-0.010,
-0.019,
-0.012,
-0.043,
-0.017,
0.038,
0.040,
0.001,
0.041,
0.029,
0.014,
-0.040,
0.058,
0.028,
0.004,
0.049,
0.111,
0.038,
0.008,
-0.009,
0.042,
0.078,
-0.133,
0.126,
0.127,
-0.086,
0.069,
-0.198,
0.155,
-0.133,
0.074,
-0.119,
-0.100,
-0.072,
0.105,
-0.001,
-0.042,
0.011,
-0.044,
0.039,
-0.025,
0.083,
-0.005,
0.103,
0.007,
-0.089,
0.028,
0.005,
-0.022,
-0.040,
0.028,
0.014,
-0.021,
-0.111,
0.022,
-0.014,
0.041,
-0.126,
-0.068,
0.124,
-0.091,
-0.041,
0.021,
0.003,
-0.017,
-0.058,
0.045,
-0.031,
-0.041,
-0.139,
0.080,
-0.013,
0.074,
0.049,
0.053,
0.066,
0.121,
0.057,
-0.041,
0.051,
0.010,
0.037,
0.151,
0.014,
0.021,
0.075,
-0.082,
-0.106,
-0.062,
0.092,
-0.016,
-0.061,
0.014,
0.070,
-0.022,
-0.011,
-0.061,
0.045,
0.017,
-0.043,
0.005,
0.058,
0.022,
0.043,
-0.105,
0.048,
0.079,
-0.034,
0.035,
0.082,
-0.080,
-0.041,
0.085,
-0.001,
0.124,
-0.005,
-0.027,
-0.019,
0.154,
-0.059,
0.079,
-0.052,
0.021,
-0.005,
-0.033,
-0.042,
0.130,
0.006,
-0.059,
-0.055,
-0.050,
0.046,
0.045,
0.006,
0.022,
0.184,
0.058,
-0.053,
-0.009,
0.004,
-0.051,
0.033,
0.034,
-0.004,
0.045,
-0.065,
-0.072,
0.006,
0.090,
-0.112,
-0.077,
-0.024,
-0.070,
-0.176,
0.014,
0.042,
0.056,
-0.041,
-0.087,
0.061,
-0.092,
0.017,
0.040,
-0.109,
0.025,
-0.028,
0.071,
-0.039,
0.066,
-0.028,
-0.053,
0.018,
-0.061,
0.018,
0.029,
0.004,
0.072,
0.071,
0.001,
-0.028,
-0.024,
0.021,
0.058,
-0.077,
0.087,
0.000,
-0.062,
-0.003,
-0.117,
-0.021,
-0.023,
0.010,
-0.026,
-0.053,
-0.078,
-0.011,
-0.030,
0.095,
-0.128,
-0.157,
-0.016,
-0.071,
0.009,
-0.105,
-0.068,
-0.014,
-0.013,
0.112,
0.013,
0.106,
0.106,
-0.002,
-0.089,
0.077,
-0.017,
-0.024,
0.152,
-0.010,
-0.060,
0.078,
0.054,
0.186,
-0.049,
-0.089,
0.107,
0.112,
-0.040,
0.068,
0.032,
-0.068,
-0.032,
-0.132,
-0.027,
0.089,
-0.005,
0.021,
0.012,
-0.021,
-0.024,
-0.011,
0.043,
-0.055,
0.132,
0.010,
-0.019,
-0.047,
0.003,
-0.006,
-0.033,
0.046,
-0.146,
0.049,
0.089,
0.077,
-0.073,
-0.018,
-0.014,
0.057,
0.019,
-0.073,
-0.077,
-0.028,
0.037,
-0.009,
-0.003,
0.119,
-0.021,
0.084,
-0.054,
0.093,
-0.090,
-0.029,
-0.001,
0.050,
0.065,
0.067,
-0.073,
-0.010,
-0.093,
-0.035,
-0.017,
0.052,
-0.035,
-0.094,
0.102,
-0.095,
0.013,
0.027,
-0.028,
0.077,
-0.096,
-0.045,
0.062,
0.065,
0.061,
-0.031,
-0.034,
-0.013,
-0.025,
0.015,
0.095,
-0.066,
-0.056,
-0.071,
-0.066,
-0.011,
-0.057,
0.065,
0.058,
0.024,
-0.121,
-0.073,
-0.005,
0.062,
-0.059,
-0.051,
0.043,
0.035,
-0.032,
-0.090,
0.027,
-0.029,
0.063,
0.027,
-0.074,
0.002,
-0.051,
-0.023,
0.013,
-0.052,
0.069,
-0.005,
0.172,
-0.032,
0.060,
-0.034,
-0.026,
-0.013,
0.114,
-0.012,
-0.010,
0.117,
0.136,
-0.139,
-0.053,
0.062,
0.016,
0.110,
-0.027,
0.023,
0.106,
-0.030,
0.031,
0.082,
0.009,
-0.055,
0.099,
0.035,
-0.041,
-0.068,
-0.059,
0.121,
-0.017,
0.129,
-0.067,
0.043,
-0.010,
0.169,
0.053,
0.033,
-0.072,
0.020,
-0.077,
0.138,
0.024,
-0.018,
-0.034,
-0.038,
-0.005,
0.055,
0.028,
0.134,
-0.009,
0.023,
0.091,
0.128,
0.010,
0.096,
0.072,
0.074,
0.149,
0.046,
-0.063,
0.005,
0.019,
0.073,
0.056,
-0.031,
-0.031,
0.145,
0.147,
-0.026,
-0.070,
0.058,
0.056,
-0.034,
0.059,
0.053,
-0.085,
0.117,
-0.059,
-0.090,
0.085,
-0.091,
0.106,
-0.082,
0.023,
0.025,
-0.097,
-0.023,
-0.194,
0.004,
0.118,
0.071,
0.064,
0.009,
-0.034,
0.011,
0.045,
0.040,
-0.091,
0.094,
0.027,
-0.103,
-0.001,
0.046,
-0.014,
0.079,
0.089,
-0.097,
0.027,
-0.036,
-0.106,
-0.023,
0.012,
-0.029,
0.013,
0.077,
0.030,
0.096,
0.114,
-0.053,
0.073,
-0.011,
0.039,
-0.026,
-0.061,
0.124,
0.091,
-0.034,
0.006,
-0.028,
0.000,
-0.003,
-0.024,
0.020,
0.004,
0.035,
0.038,
-0.086,
-0.053,
-0.061,
0.084,
-0.016,
-0.038,
0.067,
-0.003,
-0.046,
0.061,
-0.013,
-0.002,
0.054,
0.005,
0.115,
0.143,
-0.166,
-0.089,
0.075,
0.089,
-0.063,
0.116,
-0.099,
0.005,
-0.132,
-0.061,
-0.069,
-0.059,
-0.162,
-0.157,
0.001,
0.028,
0.068,
0.098,
0.062,
-0.020,
0.061,
-0.105,
0.040,
0.094,
-0.007,
0.008,
-0.028,
-0.062,
-0.162,
0.010,
-0.063,
0.016,
-0.032,
-0.003,
-0.092,
0.086,
0.042,
-0.005,
-0.029,
-0.054,
-0.042,
0.070,
-0.016,
-0.069,
0.034,
-0.063,
0.003,
0.114,
0.011,
0.131,
0.036,
-0.007,
0.024,
0.039,
-0.006,
-0.008,
-0.029,
0.006,
0.109,
0.009,
-0.039,
-0.078,
0.044,
-0.076,
0.028,
0.025,
-0.094,
-0.083,
0.070,
-0.013,
-0.099,
-0.025,
-0.004,
-0.015,
0.009,
-0.028,
-0.077,
0.155,
-0.086,
-0.071,
0.013,
0.025,
-0.007,
0.139,
-0.100,
0.043,
-0.005,
-0.061,
-0.005,
-0.074,
0.023,
0.051,
-0.156,
-0.032,
0.003,
0.060,
0.004,
0.014,
-0.010,
0.037,
-0.036,
0.036,
-0.009,
0.032,
-0.076,
0.053,
0.030,
-0.039,
0.035,
-0.089,
0.085,
0.015,
0.128,
0.051,
0.035,
-0.032,
-0.002,
-0.081,
0.010,
0.019,
-0.009,
0.135,
-0.024,
0.027,
-0.027,
0.003,
-0.099,
-0.014,
-0.045,
-0.075,
0.076,
0.097,
-0.065,
0.157,
-0.031,
0.097,
0.077,
0.049,
-0.037,
-0.119,
-0.055,
0.076,
-0.080,
-0.042,
0.046,
-0.025,
0.021,
0.074,
-0.094,
-0.078,
-0.066,
-0.119,
-0.063,
-0.037,
0.003,
-0.064,
-0.011,
0.038,
-0.116,
0.048,
0.010,
-0.043,
-0.016,
0.117,
-0.047,
0.070,
0.011,
-0.076,
-0.146,
-0.059,
-0.006,
-0.059,
0.015,
-0.069,
-0.184,
0.069,
0.044,
0.024,
-0.055,
-0.003,
0.008,
0.044,
0.009,
-0.024,
0.121,
-0.049,
-0.067,
-0.105,
-0.040,
0.122,
0.091,
0.065,
0.073,
0.156,
-0.009,
-0.039,
0.060,
0.062,
-0.060,
-0.066,
0.042,
0.041,
0.066,
-0.143,
0.045,
0.105,
0.031,
0.062,
-0.028,
-0.046,
0.019,
-0.010,
-0.121,
0.111,
0.045,
-0.077,
0.014,
0.009,
-0.024,
0.052,
0.011,
-0.001,
0.012,
0.031,
0.024,
-0.018,
-0.032,
0.047,
0.095,
-0.003,
0.080,
0.078,
0.081,
-0.035,
-0.037,
-0.085,
0.113,
-0.071,
0.007,
0.053,
-0.093,
0.124,
-0.051,
0.048,
-0.017,
0.053,
-0.035,
-0.119,
0.057,
-0.025,
0.122,
0.088,
-0.015,
0.017,
-0.059,
0.071,
0.001,
-0.077,
-0.047,
0.047,
-0.013,
0.058,
-0.088,
0.071,
-0.134,
-0.047,
-0.029,
-0.011,
-0.045,
0.008,
-0.052,
0.036,
0.014,
-0.049,
-0.017,
0.043,
0.043,
0.005,
-0.167,
0.013,
0.033,
-0.093,
0.094,
-0.045,
0.041,
0.136,
0.101,
-0.027,
0.090,
0.037,
-0.012,
0.108,
0.087,
0.038,
0.070,
0.020,
-0.114,
-0.005,
0.056,
-0.017,
0.074,
-0.001,
0.080,
-0.008,
-0.002,
0.052,
0.070,
-0.069,
-0.031,
-0.045,
-0.021,
0.086,
-0.042,
-0.021,
0.001,
0.025,
-0.091,
0.047,
0.124,
0.009,
0.025,
-0.059,
-0.064,
0.041,
-0.093,
0.035,
0.076,
0.069,
0.027,
0.087,
-0.033,
0.071,
-0.089,
0.028,
-0.124,
-0.018,
0.000,
-0.019,
0.064,
0.034,
-0.007,
0.062,
-0.094,
-0.051,
0.080,
0.067,
-0.067,
-0.167,
-0.098,
0.034,
0.014,
0.000,
-0.077,
0.165,
0.032,
0.052,
-0.056,
-0.032,
-0.059,
-0.005,
0.125,
0.082,
0.023,
-0.010,
-0.107,
0.101,
-0.042,
-0.122,
-0.048,
0.051,
-0.069,
-0.030,
0.067,
-0.013,
0.050,
-0.056,
-0.051,
-0.037,
0.073,
0.036,
0.053,
-0.151,
0.201,
-0.161,
0.012,
0.054,
0.003,
0.032,
0.111,
0.060,
0.145,
-0.043,
0.078,
0.039,
0.070,
-0.060,
0.065,
-0.075,
0.051,
0.019,
0.038,
-0.056,
0.154,
-0.011,
0.013,
-0.069,
0.097,
0.026,
0.115,
0.049,
-0.016,
0.023,
0.081,
0.050,
-0.070,
0.028,
0.028,
-0.145,
-0.027,
-0.003,
-0.036,
0.018,
-0.026,
0.016,
-0.049,
-0.071,
0.037,
-0.116,
-0.058,
-0.070,
0.064,
-0.129,
-0.038,
0.188,
-0.032,
-0.056,
-0.051,
-0.034,
-0.108,
0.014,
0.124,
0.031,
0.045,
-0.092,
-0.048,
0.036,
0.059,
0.055,
-0.110,
0.039,
-0.043,
0.000,
-0.070,
-0.020,
-0.065,
0.005,
-0.095,
0.014,
0.003,
-0.086,
-0.002,
-0.005,
-0.014,
-0.048,
0.078,
0.065,
0.057,
-0.019,
-0.001,
-0.115,
-0.070,
0.005,
0.096,
0.097,
-0.058,
0.022,
0.018,
0.117,
-0.039,
0.003,
0.003,
-0.098,
0.076,
-0.077,
-0.025,
0.068,
-0.012,
-0.024,
-0.094,
-0.179,
0.025,
0.094,
0.151,
0.078,
-0.014,
0.019,
-0.015,
0.047,
-0.024,
0.044,
0.077,
-0.007,
-0.003,
0.001,
0.037,
0.052,
0.013,
-0.053,
0.061,
0.025,
0.086,
0.102,
0.107,
-0.080,
0.144,
-0.186,
-0.120,
-0.139,
-0.113,
0.007,
-0.038,
-0.055,
0.063,
0.055,
-0.008,
0.021,
0.105,
0.033,
0.079,
-0.003,
0.079,
0.082,
0.110,
0.063,
-0.021,
-0.067,
-0.040,
0.079,
-0.040,
0.035,
0.052,
-0.081,
0.012,
0.012,
0.003,
-0.025,
-0.030,
0.019,
-0.003,
-0.034,
0.022,
-0.075,
0.089,
-0.082,
-0.036,
0.020,
-0.099,
0.039,
-0.039,
-0.032,
-0.046,
0.010,
0.037,
-0.061,
0.026,
0.000,
-0.005,
0.032,
0.024,
0.065,
-0.046,
-0.086,
-0.007,
0.080,
-0.019,
0.068,
0.091,
-0.018,
0.019,
-0.151,
-0.028,
0.040,
0.022,
-0.047,
0.083,
0.005,
0.078,
0.045,
0.010,
0.076,
-0.046,
-0.045,
-0.024,
0.107,
0.018,
0.022,
-0.090,
-0.043,
0.071,
0.146,
-0.058,
0.048,
0.042,
0.049,
0.020,
0.011,
0.054,
0.104,
-0.050,
-0.008,
-0.017,
-0.030,
-0.012,
0.007,
-0.015,
-0.092,
-0.031,
-0.010,
0.030,
0.080,
0.081,
0.093,
0.025,
-0.019,
-0.047,
-0.062,
-0.117,
-0.032,
0.082,
-0.216,
0.087,
0.026,
-0.019,
0.059,
-0.071,
-0.042,
-0.006,
-0.031,
-0.026,
0.029,
0.045,
0.115,
-0.044,
-0.082,
-0.037,
0.005,
0.119,
-0.031,
0.054,
0.037,
-0.061,
-0.001,
0.089,
0.089,
0.036,
-0.119,
0.032,
0.058,
-0.075,
-0.177,
-0.060,
0.099,
-0.135,
0.088,
0.038,
-0.057,
0.097,
0.115,
0.014,
0.077,
-0.143,
-0.059,
-0.028,
-0.061,
-0.033,
0.041,
0.048,
-0.071,
0.049,
0.027,
0.070,
-0.037,
0.087,
-0.036,
-0.060,
-0.020,
-0.004,
-0.002,
0.054,
-0.007,
0.083,
-0.018,
-0.018,
-0.119,
0.122,
0.007,
-0.014,
0.121,
0.002,
0.083,
-0.035,
-0.031,
0.058,
0.168,
0.034,
0.144,
-0.048,
-0.016,
0.019,
0.050,
0.000,
0.014,
-0.033,
-0.106,
-0.086,
0.030,
0.063,
-0.092,
-0.001,
-0.029,
-0.060,
0.052,
-0.080,
-0.061,
0.007,
0.135,
0.009,
-0.051,
0.018,
0.181,
-0.115,
0.025,
0.100,
-0.006,
-0.020,
-0.036,
0.070,
0.015,
-0.005,
-0.032,
-0.092,
-0.062,
0.032,
0.133,
-0.073,
-0.120,
-0.137,
-0.013,
0.057,
-0.083,
-0.041,
0.061,
-0.002,
-0.032,
0.092,
-0.011,
-0.018,
0.031,
0.020,
0.067,
-0.021,
0.040,
0.140,
0.001,
0.018,
0.055,
0.119,
-0.083,
-0.058,
0.027,
0.011,
-0.014,
0.004,
-0.017,
-0.028,
0.130,
-0.016,
-0.011,
-0.016,
-0.011,
0.055,
0.059,
-0.080,
0.084,
0.050,
0.038,
0.010,
0.020,
0.100,
-0.014,
0.006,
-0.121,
-0.016,
0.001,
0.082,
-0.049,
0.001,
-0.110,
-0.039,
0.086,
0.132,
0.065,
0.023,
0.014,
-0.041,
0.061,
-0.079,
-0.014,
-0.001,
0.032,
-0.061,
0.071,
0.000,
0.096,
0.076,
0.096,
0.048,
0.063,
-0.123,
-0.022,
-0.020,
-0.067,
0.045,
0.024,
-0.138,
-0.054,
0.076,
0.074,
-0.006,
-0.129,
-0.126,
-0.016,
0.045,
0.054,
-0.058,
0.008,
0.037,
-0.030,
-0.077,
-0.092,
0.048,
-0.017,
-0.117,
0.049,
0.123,
0.049,
0.043,
0.095,
0.042,
0.037,
0.027,
-0.008,
-0.029,
-0.073,
0.065,
-0.019,
-0.063,
-0.054,
-0.012,
0.054,
0.098,
0.052,
-0.065,
-0.057,
0.074,
-0.002,
0.017,
0.084,
0.157,
0.036,
-0.015,
-0.065,
-0.012,
-0.006,
0.048,
0.024,
-0.013,
-0.043,
-0.044,
-0.161,
-0.057,
-0.025,
-0.035,
0.040,
0.017,
-0.079,
0.043,
0.053,
0.018,
-0.058,
-0.069,
-0.050,
0.086,
-0.050,
0.010,
0.004,
-0.044,
-0.043,
-0.014,
0.075,
0.064,
-0.051,
0.068,
-0.071,
-0.093,
0.054,
0.020,
-0.015,
-0.022,
0.020,
-0.011,
0.079,
-0.025,
-0.018,
0.123,
-0.047,
0.054,
0.069,
-0.007,
-0.116,
0.040,
0.036,
-0.002,
